subject,PCR,allele,count,freq
10,alpha2,HBA221,1,0.026824034334764
12,alpha2,HBA221,2221,49.1045766084457
13,alpha2,HBA221,2264,48.3864073519983
15,alpha2,HBA221,0,0
16,alpha2,HBA221,3268,49.1502481576177
17,alpha2,HBA221,445,46.0662525879917
18,alpha2,HBA221,8155,98.26485118689
19,alpha2,HBA221,4,0.0434546442151005
2,alpha2,HBA221,996,47.9307025986526
20,alpha2,HBA221,0,0
21,alpha2,HBA221,0,0
23,alpha2,HBA221,0,0
24,alpha2,HBA221,1,0.036563071297989
25,alpha2,HBA221,587,88.1381381381381
26,alpha2,HBA221,2464,47.139850774823
27,alpha2,HBA221,1498,32.097707306621
28,alpha2,HBA221,0,0
29,alpha2,HBA221,0,0
30,alpha2,HBA221,0,0
31,alpha2,HBA221,0,0
32,alpha2,HBA221,0,0
34,alpha2,HBA221,3100,48.9499447339334
36,alpha2,HBA221,0,0
37,alpha2,HBA221,1582,33.4390192348341
38,alpha2,HBA221,84,25.6880733944954
39,alpha2,HBA221,1826,46.8565563253785
4,alpha2,HBA221,4450,48.7457552853544
40,alpha2,HBA221,0,0
42,alpha2,HBA221,1455,47.9723046488625
44,alpha2,HBA221,767,49.1037131882202
45,alpha2,HBA221,1684,33.4259626836046
46,alpha2,HBA221,0,0
47,alpha2,HBA221,1526,47.37659112077
48,alpha2,HBA221,0,0
49,alpha2,HBA221,2,22.2222222222222
5,alpha2,HBA221,0,0
50,alpha2,HBA221,3,0.104094378903539
51,alpha2,HBA221,1,0.0397614314115308
52,alpha2,HBA221,2489,49.5520605216006
53,alpha2,HBA221,0,0
54,alpha2,HBA221,696,32.2820037105751
55,alpha2,HBA221,1021,48.2058545797923
56,alpha2,HBA221,0,0
57,alpha2,HBA221,0,0
58,alpha2,HBA221,0,0
59,alpha2,HBA221,851,91.7025862068966
6,alpha2,HBA221,1958,98.1453634085213
60,alpha2,HBA221,3231,89.1802373723434
61,alpha2,HBA221,4621,98.2146652497343
62,alpha2,HBA221,1,0.0254388196387688
63,alpha2,HBA221,881,32.8608728086535
66,alpha2,HBA221,0,0
67,alpha2,HBA221,0,0
68,alpha2,HBA221,0,0
69,alpha2,HBA221,0,0
7,alpha2,HBA221,0,0
70,alpha2,HBA221,1,0.0170532060027285
71,alpha2,HBA221,1,0.0176678445229682
72,alpha2,HBA221,1298,47.4068663257853
73,alpha2,HBA221,2,0.0509424350483953
74,alpha2,HBA221,1,0.0155690487311225
75,alpha2,HBA221,17,0.149253731343284
76,alpha2,HBA221,3,0.0562113546936481
77,alpha2,HBA221,804,48.934875228241
78,alpha2,HBA221,1,0.0164365548980934
79,alpha2,HBA221,3,0.0354693781035706
8,alpha2,HBA221,3537,91.5372670807453
80,alpha2,HBA221,2796,48.7532693984307
81,alpha2,HBA221,0,0
82,alpha2,HBA221,2293,23.4506033953774
84,alpha2,HBA221,0,0
85,alpha2,HBA221,1,0.0108096422008432
87,alpha2,HBA221,0,0
90,alpha2,HBA221,498,31.105559025609
91,alpha2,HBA221,1558,33.4334763948498
92,alpha2,HBA221,3,0.133214920071048
93,alpha2,HBA221,1482,32.5356750823271
95,alpha2,HBA221,1733,49.5001428163382
10,alpha2,HBA222,1168,31.3304721030043
12,alpha2,HBA222,0,0
13,alpha2,HBA222,0,0
15,alpha2,HBA222,2,0.0318928400574071
16,alpha2,HBA222,0,0
17,alpha2,HBA222,478,49.4824016563147
18,alpha2,HBA222,1,0.0120496445354862
19,alpha2,HBA222,2,0.0217273221075502
2,alpha2,HBA222,0,0
20,alpha2,HBA222,3,0.0643362642075917
21,alpha2,HBA222,0,0
23,alpha2,HBA222,4949,48.1326590157557
24,alpha2,HBA222,852,31.1517367458867
25,alpha2,HBA222,0,0
26,alpha2,HBA222,0,0
27,alpha2,HBA222,1473,31.5620312834798
28,alpha2,HBA222,1,0.0239120038259206
29,alpha2,HBA222,1078,46.9307792773182
30,alpha2,HBA222,0,0
31,alpha2,HBA222,53,0.497652582159624
32,alpha2,HBA222,1,0.0317359568390987
34,alpha2,HBA222,0,0
36,alpha2,HBA222,1021,46.7704993128722
37,alpha2,HBA222,1505,31.8114563517227
38,alpha2,HBA222,100,30.5810397553517
39,alpha2,HBA222,0,0
4,alpha2,HBA222,0,0
40,alpha2,HBA222,534,46.5968586387435
42,alpha2,HBA222,1,0.0329706561160567
44,alpha2,HBA222,0,0
45,alpha2,HBA222,3181,63.1401349741961
46,alpha2,HBA222,1562,30.6214467751421
47,alpha2,HBA222,1,0.0310462589257994
48,alpha2,HBA222,756,46.9857054070852
49,alpha2,HBA222,0,0
5,alpha2,HBA222,2,0.0547645125958379
50,alpha2,HBA222,0,0
51,alpha2,HBA222,804,31.9681908548708
52,alpha2,HBA222,1,0.0199084212621939
53,alpha2,HBA222,1,0.0142005112184039
54,alpha2,HBA222,1392,64.5640074211503
55,alpha2,HBA222,0,0
56,alpha2,HBA222,982,33.1197301854975
57,alpha2,HBA222,0,0
58,alpha2,HBA222,1321,31.4224548049477
59,alpha2,HBA222,0,0
6,alpha2,HBA222,0,0
60,alpha2,HBA222,0,0
61,alpha2,HBA222,0,0
62,alpha2,HBA222,1,0.0254388196387688
63,alpha2,HBA222,858,32.0029839612085
66,alpha2,HBA222,2248,32.0593268682259
67,alpha2,HBA222,2685,33.6803813346714
68,alpha2,HBA222,1723,37.9766365439718
69,alpha2,HBA222,679,31.8330989217065
7,alpha2,HBA222,3889,61.9563485741596
70,alpha2,HBA222,5428,92.5648021828104
71,alpha2,HBA222,2700,47.7031802120141
72,alpha2,HBA222,1365,49.8539079620161
73,alpha2,HBA222,17,0.43301069791136
74,alpha2,HBA222,1489,23.1823135606415
75,alpha2,HBA222,3,0.0263388937664618
76,alpha2,HBA222,1,0.018737118231216
77,alpha2,HBA222,0,0
78,alpha2,HBA222,2916,47.9289940828402
79,alpha2,HBA222,4035,47.7063135493024
8,alpha2,HBA222,0,0
80,alpha2,HBA222,10,0.1743679163034
81,alpha2,HBA222,742,24.2880523731588
82,alpha2,HBA222,4691,47.9750460216813
84,alpha2,HBA222,933,32.2837370242215
85,alpha2,HBA222,5216,56.3830937195979
87,alpha2,HBA222,12,0.249014318323304
90,alpha2,HBA222,1,0.0624609618988133
91,alpha2,HBA222,1420,30.4721030042919
92,alpha2,HBA222,1126,50
93,alpha2,HBA222,1466,32.1844127332602
95,alpha2,HBA222,5,0.142816338189089
10,alpha2,HBA223,4,0.107296137339056
12,alpha2,HBA223,22,0.486402829980102
13,alpha2,HBA223,2326,49.7114768112845
15,alpha2,HBA223,3107,49.545527029182
16,alpha2,HBA223,3222,48.4584147992179
17,alpha2,HBA223,3,0.31055900621118
18,alpha2,HBA223,17,0.204843957103265
19,alpha2,HBA223,3022,32.8299837045084
2,alpha2,HBA223,4,0.192492781520693
20,alpha2,HBA223,14,0.300235899635428
21,alpha2,HBA223,889,50.4826802952868
23,alpha2,HBA223,0,0
24,alpha2,HBA223,0,0
25,alpha2,HBA223,60,9.00900900900901
26,alpha2,HBA223,0,0
27,alpha2,HBA223,1,0.0214270409256482
28,alpha2,HBA223,492,11.7647058823529
29,alpha2,HBA223,1157,50.3700478885503
30,alpha2,HBA223,3597,97.479674796748
31,alpha2,HBA223,3478,32.6572769953052
32,alpha2,HBA223,1613,51.1900983814662
34,alpha2,HBA223,14,0.221064266540344
36,alpha2,HBA223,2,0.0916170407695831
37,alpha2,HBA223,0,0
38,alpha2,HBA223,0,0
39,alpha2,HBA223,1994,51.1675647934309
4,alpha2,HBA223,4508,49.3810932194107
40,alpha2,HBA223,36,3.1413612565445
42,alpha2,HBA223,1520,50.1153972964062
44,alpha2,HBA223,0,0
45,alpha2,HBA223,12,0.238189757840413
46,alpha2,HBA223,5,0.0980199960792002
47,alpha2,HBA223,8,0.248370071406396
48,alpha2,HBA223,85,5.2827843380982
49,alpha2,HBA223,0,0
5,alpha2,HBA223,13,0.355969331872946
50,alpha2,HBA223,1474,51.1450381679389
51,alpha2,HBA223,0,0
52,alpha2,HBA223,10,0.199084212621939
53,alpha2,HBA223,6885,97.7705197387106
54,alpha2,HBA223,4,0.185528756957328
55,alpha2,HBA223,4,0.188857412653447
56,alpha2,HBA223,999,33.6930860033727
57,alpha2,HBA223,344,96.9014084507042
58,alpha2,HBA223,7,0.16650808753568
59,alpha2,HBA223,62,6.68103448275862
6,alpha2,HBA223,0,0
60,alpha2,HBA223,323,8.91526359370687
61,alpha2,HBA223,10,0.212539851222104
62,alpha2,HBA223,1974,50.2162299669296
63,alpha2,HBA223,0,0
66,alpha2,HBA223,0,0
67,alpha2,HBA223,0,0
68,alpha2,HBA223,3,0.0661229887590919
69,alpha2,HBA223,1,0.046882325363338
7,alpha2,HBA223,7,0.111518241198025
70,alpha2,HBA223,247,4.21214188267394
71,alpha2,HBA223,0,0
72,alpha2,HBA223,0,0
73,alpha2,HBA223,0,0
74,alpha2,HBA223,3233,50.3347345477191
75,alpha2,HBA223,1,0.00877963125548727
76,alpha2,HBA223,29,0.543376428705265
77,alpha2,HBA223,0,0
78,alpha2,HBA223,0,0
79,alpha2,HBA223,8,0.0945850082761882
8,alpha2,HBA223,273,7.06521739130435
80,alpha2,HBA223,0,0
81,alpha2,HBA223,1527,49.9836333878887
82,alpha2,HBA223,0,0
84,alpha2,HBA223,958,33.1487889273356
85,alpha2,HBA223,0,0
87,alpha2,HBA223,10,0.207511931936086
90,alpha2,HBA223,0,0
91,alpha2,HBA223,0,0
92,alpha2,HBA223,0,0
93,alpha2,HBA223,0,0
95,alpha2,HBA223,1,0.0285632676378178
10,alpha2,HBA224,27,0.724248927038627
12,alpha2,HBA224,1,0.0221092195445501
13,alpha2,HBA224,0,0
15,alpha2,HBA224,1,0.0159464200287036
16,alpha2,HBA224,0,0
17,alpha2,HBA224,0,0
18,alpha2,HBA224,0,0
19,alpha2,HBA224,0,0
2,alpha2,HBA224,1,0.0481231953801732
20,alpha2,HBA224,0,0
21,alpha2,HBA224,0,0
23,alpha2,HBA224,5093,49.5331647539389
24,alpha2,HBA224,924,33.7842778793419
25,alpha2,HBA224,0,0
26,alpha2,HBA224,0,0
27,alpha2,HBA224,1595,34.1761302764088
28,alpha2,HBA224,0,0
29,alpha2,HBA224,1,0.043535045711798
30,alpha2,HBA224,0,0
31,alpha2,HBA224,3519,33.0422535211268
32,alpha2,HBA224,0,0
34,alpha2,HBA224,0,0
36,alpha2,HBA224,2,0.0916170407695831
37,alpha2,HBA224,1537,32.4878461213274
38,alpha2,HBA224,129,39.4495412844037
39,alpha2,HBA224,0,0
4,alpha2,HBA224,1,0.0109541023113156
40,alpha2,HBA224,555,48.4293193717278
42,alpha2,HBA224,0,0
44,alpha2,HBA224,1,0.0640204865556978
45,alpha2,HBA224,0,0
46,alpha2,HBA224,1667,32.6798666928053
47,alpha2,HBA224,0,0
48,alpha2,HBA224,725,45.0590428837788
49,alpha2,HBA224,0,0
5,alpha2,HBA224,0,0
50,alpha2,HBA224,0,0
51,alpha2,HBA224,856,34.0357852882704
52,alpha2,HBA224,0,0
53,alpha2,HBA224,0,0
54,alpha2,HBA224,1,0.0463821892393321
55,alpha2,HBA224,1,0.0472143531633617
56,alpha2,HBA224,917,30.9274873524452
57,alpha2,HBA224,0,0
58,alpha2,HBA224,1352,32.1598477640343
59,alpha2,HBA224,0,0
6,alpha2,HBA224,1,0.050125313283208
60,alpha2,HBA224,0,0
61,alpha2,HBA224,0,0
62,alpha2,HBA224,0,0
63,alpha2,HBA224,863,32.18948153674
66,alpha2,HBA224,2353,33.5567598402738
67,alpha2,HBA224,2660,33.3667837431009
68,alpha2,HBA224,1801,39.6958342517082
69,alpha2,HBA224,723,33.8959212376934
7,alpha2,HBA224,8,0.127449418512028
70,alpha2,HBA224,1,0.0170532060027285
71,alpha2,HBA224,2840,50.1766784452297
72,alpha2,HBA224,0,0
73,alpha2,HBA224,1258,32.0427916454407
74,alpha2,HBA224,1563,24.3344231667445
75,alpha2,HBA224,1,0.00877963125548727
76,alpha2,HBA224,1,0.018737118231216
77,alpha2,HBA224,0,0
78,alpha2,HBA224,3044,50.0328731097962
79,alpha2,HBA224,24,0.283755024828565
8,alpha2,HBA224,0,0
80,alpha2,HBA224,1,0.01743679163034
81,alpha2,HBA224,721,23.6006546644845
82,alpha2,HBA224,3,0.0306811208836163
84,alpha2,HBA224,927,32.0761245674741
85,alpha2,HBA224,1874,20.2572694843801
87,alpha2,HBA224,1558,32.3303589956423
90,alpha2,HBA224,542,33.8538413491568
91,alpha2,HBA224,1570,33.6909871244635
92,alpha2,HBA224,0,0
93,alpha2,HBA224,1498,32.8869374313941
95,alpha2,HBA224,0,0
10,alpha2,HBA225,1263,33.8787553648069
12,alpha2,HBA225,2196,48.551846119832
13,alpha2,HBA225,1,0.0213720880530028
15,alpha2,HBA225,1,0.0159464200287036
16,alpha2,HBA225,2,0.0300797112347721
17,alpha2,HBA225,0,0
18,alpha2,HBA225,0,0
19,alpha2,HBA225,2980,32.3737099402499
2,alpha2,HBA225,1029,49.5187680461983
20,alpha2,HBA225,2256,48.380870684109
21,alpha2,HBA225,845,47.9840999432141
23,alpha2,HBA225,0,0
24,alpha2,HBA225,1,0.036563071297989
25,alpha2,HBA225,0,0
26,alpha2,HBA225,0,0
27,alpha2,HBA225,0,0
28,alpha2,HBA225,0,0
29,alpha2,HBA225,0,0
30,alpha2,HBA225,2,0.0542005420054201
31,alpha2,HBA225,5,0.0469483568075117
32,alpha2,HBA225,1,0.0317359568390987
34,alpha2,HBA225,3121,49.2815411337439
36,alpha2,HBA225,1108,50.7558405863491
37,alpha2,HBA225,0,0
38,alpha2,HBA225,0,0
39,alpha2,HBA225,1,0.0256607646907878
4,alpha2,HBA225,2,0.0219082046226312
40,alpha2,HBA225,0,0
42,alpha2,HBA225,1,0.0329706561160567
44,alpha2,HBA225,0,0
45,alpha2,HBA225,0,0
46,alpha2,HBA225,1771,34.7186826112527
47,alpha2,HBA225,1630,50.6054020490531
48,alpha2,HBA225,0,0
49,alpha2,HBA225,0,0
5,alpha2,HBA225,1768,48.4118291347207
50,alpha2,HBA225,3,0.104094378903539
51,alpha2,HBA225,0,0
52,alpha2,HBA225,2435,48.4770057734422
53,alpha2,HBA225,5,0.0710025560920193
54,alpha2,HBA225,0,0
55,alpha2,HBA225,1059,50
56,alpha2,HBA225,0,0
57,alpha2,HBA225,0,0
58,alpha2,HBA225,1422,33.8249286393911
59,alpha2,HBA225,0,0
6,alpha2,HBA225,0,0
60,alpha2,HBA225,0,0
61,alpha2,HBA225,0,0
62,alpha2,HBA225,3,0.0763164589163063
63,alpha2,HBA225,0,0
66,alpha2,HBA225,0,0
67,alpha2,HBA225,0,0
68,alpha2,HBA225,909,20.0352655940049
69,alpha2,HBA225,684,32.0675105485232
7,alpha2,HBA225,2211,35.2238330412618
70,alpha2,HBA225,0,0
71,alpha2,HBA225,0,0
72,alpha2,HBA225,0,0
73,alpha2,HBA225,1,0.0254712175241977
74,alpha2,HBA225,2,0.0311380974622451
75,alpha2,HBA225,1,0.00877963125548727
76,alpha2,HBA225,2649,49.6346261944913
77,alpha2,HBA225,0,0
78,alpha2,HBA225,1,0.0164365548980934
79,alpha2,HBA225,2064,24.4029321352566
8,alpha2,HBA225,0,0
80,alpha2,HBA225,0,0
81,alpha2,HBA225,0,0
82,alpha2,HBA225,1,0.0102270402945388
84,alpha2,HBA225,0,0
85,alpha2,HBA225,0,0
87,alpha2,HBA225,1611,33.4301722349035
90,alpha2,HBA225,1,0.0624609618988133
91,alpha2,HBA225,0,0
92,alpha2,HBA225,0,0
93,alpha2,HBA225,1,0.021953896816685
95,alpha2,HBA225,0,0
10,alpha2,HBA226,0,0
12,alpha2,HBA226,0,0
13,alpha2,HBA226,0,0
15,alpha2,HBA226,1,0.0159464200287036
16,alpha2,HBA226,0,0
17,alpha2,HBA226,0,0
18,alpha2,HBA226,0,0
19,alpha2,HBA226,2984,32.417164584465
2,alpha2,HBA226,5,0.240615976900866
20,alpha2,HBA226,0,0
21,alpha2,HBA226,0,0
23,alpha2,HBA226,0,0
24,alpha2,HBA226,0,0
25,alpha2,HBA226,0,0
26,alpha2,HBA226,2613,49.9904342835278
27,alpha2,HBA226,2,0.0428540818512963
28,alpha2,HBA226,0,0
29,alpha2,HBA226,0,0
30,alpha2,HBA226,0,0
31,alpha2,HBA226,0,0
32,alpha2,HBA226,1468,46.5883846397969
34,alpha2,HBA226,5,0.0789515237644087
36,alpha2,HBA226,0,0
37,alpha2,HBA226,0,0
38,alpha2,HBA226,0,0
39,alpha2,HBA226,0,0
4,alpha2,HBA226,8,0.0876328184905247
40,alpha2,HBA226,0,0
42,alpha2,HBA226,0,0
44,alpha2,HBA226,0,0
45,alpha2,HBA226,0,0
46,alpha2,HBA226,0,0
47,alpha2,HBA226,0,0
48,alpha2,HBA226,0,0
49,alpha2,HBA226,0,0
5,alpha2,HBA226,0,0
50,alpha2,HBA226,0,0
51,alpha2,HBA226,0,0
52,alpha2,HBA226,0,0
53,alpha2,HBA226,0,0
54,alpha2,HBA226,0,0
55,alpha2,HBA226,0,0
56,alpha2,HBA226,0,0
57,alpha2,HBA226,0,0
58,alpha2,HBA226,0,0
59,alpha2,HBA226,0,0
6,alpha2,HBA226,2,0.100250626566416
60,alpha2,HBA226,0,0
61,alpha2,HBA226,0,0
62,alpha2,HBA226,1853,47.1381327906385
63,alpha2,HBA226,0,0
66,alpha2,HBA226,0,0
67,alpha2,HBA226,0,0
68,alpha2,HBA226,0,0
69,alpha2,HBA226,0,0
7,alpha2,HBA226,0,0
70,alpha2,HBA226,0,0
71,alpha2,HBA226,0,0
72,alpha2,HBA226,0,0
73,alpha2,HBA226,0,0
74,alpha2,HBA226,0,0
75,alpha2,HBA226,5594,49.1132572431958
76,alpha2,HBA226,1,0.018737118231216
77,alpha2,HBA226,0,0
78,alpha2,HBA226,0,0
79,alpha2,HBA226,2072,24.4975171435328
8,alpha2,HBA226,0,0
80,alpha2,HBA226,0,0
81,alpha2,HBA226,0,0
82,alpha2,HBA226,2441,24.9642053589691
84,alpha2,HBA226,0,0
85,alpha2,HBA226,1872,20.2356501999784
87,alpha2,HBA226,0,0
90,alpha2,HBA226,0,0
91,alpha2,HBA226,1,0.0214592274678112
92,alpha2,HBA226,0,0
93,alpha2,HBA226,0,0
95,alpha2,HBA226,0,0
10,alpha2,HBA227,1,0.026824034334764
12,alpha2,HBA227,0,0
13,alpha2,HBA227,0,0
15,alpha2,HBA227,23,0.366767660660182
16,alpha2,HBA227,0,0
17,alpha2,HBA227,10,1.0351966873706
18,alpha2,HBA227,1,0.0120496445354862
19,alpha2,HBA227,2,0.0217273221075502
2,alpha2,HBA227,0,0
20,alpha2,HBA227,2313,49.6032597040532
21,alpha2,HBA227,0,0
23,alpha2,HBA227,3,0.0291772028788174
24,alpha2,HBA227,2,0.0731261425959781
25,alpha2,HBA227,2,0.3003003003003
26,alpha2,HBA227,0,0
27,alpha2,HBA227,2,0.0428540818512963
28,alpha2,HBA227,3,0.0717360114777619
29,alpha2,HBA227,0,0
30,alpha2,HBA227,0,0
31,alpha2,HBA227,31,0.291079812206573
32,alpha2,HBA227,0,0
34,alpha2,HBA227,0,0
36,alpha2,HBA227,1,0.0458085203847916
37,alpha2,HBA227,1,0.021137180300148
38,alpha2,HBA227,0,0
39,alpha2,HBA227,1,0.0256607646907878
4,alpha2,HBA227,0,0
40,alpha2,HBA227,1,0.087260034904014
42,alpha2,HBA227,0,0
44,alpha2,HBA227,767,49.1037131882202
45,alpha2,HBA227,5,0.0992457324335054
46,alpha2,HBA227,1,0.01960399921584
47,alpha2,HBA227,0,0
48,alpha2,HBA227,6,0.372902423865755
49,alpha2,HBA227,7,77.7777777777778
5,alpha2,HBA227,1811,49.5892661555312
50,alpha2,HBA227,0,0
51,alpha2,HBA227,16,0.636182902584493
52,alpha2,HBA227,0,0
53,alpha2,HBA227,0,0
54,alpha2,HBA227,3,0.139146567717996
55,alpha2,HBA227,0,0
56,alpha2,HBA227,2,0.0674536256323777
57,alpha2,HBA227,2,0.563380281690141
58,alpha2,HBA227,2,0.0475737392959087
59,alpha2,HBA227,0,0
6,alpha2,HBA227,0,0
60,alpha2,HBA227,14,0.38642009384488
61,alpha2,HBA227,0,0
62,alpha2,HBA227,1,0.0254388196387688
63,alpha2,HBA227,2,0.0745990302126072
66,alpha2,HBA227,2242,31.9737592698232
67,alpha2,HBA227,2441,30.6196688409433
68,alpha2,HBA227,2,0.0440819925060613
69,alpha2,HBA227,1,0.046882325363338
7,alpha2,HBA227,4,0.063724709256014
70,alpha2,HBA227,20,0.34106412005457
71,alpha2,HBA227,1,0.0176678445229682
72,alpha2,HBA227,7,0.255661066471877
73,alpha2,HBA227,1311,33.3927661742231
74,alpha2,HBA227,5,0.0778452436556126
75,alpha2,HBA227,1,0.00877963125548727
76,alpha2,HBA227,0,0
77,alpha2,HBA227,0,0
78,alpha2,HBA227,1,0.0164365548980934
79,alpha2,HBA227,16,0.189170016552376
8,alpha2,HBA227,4,0.10351966873706
80,alpha2,HBA227,2781,48.4917175239756
81,alpha2,HBA227,0,0
82,alpha2,HBA227,13,0.132951523829004
84,alpha2,HBA227,8,0.27681660899654
85,alpha2,HBA227,9,0.0972867798075884
87,alpha2,HBA227,1533,31.811579165802
90,alpha2,HBA227,526,32.8544659587758
91,alpha2,HBA227,2,0.0429184549356223
92,alpha2,HBA227,8,0.355239786856128
93,alpha2,HBA227,2,0.0439077936333699
95,alpha2,HBA227,1688,48.2147957726364
10,alpha2,HBA228,0,0
12,alpha2,HBA228,8,0.176873756356401
13,alpha2,HBA228,15,0.320581320795042
15,alpha2,HBA228,0,0
16,alpha2,HBA228,11,0.165438411791247
17,alpha2,HBA228,5,0.5175983436853
18,alpha2,HBA228,6,0.0722978672129172
19,alpha2,HBA228,52,0.564910374796306
2,alpha2,HBA228,2,0.0962463907603465
20,alpha2,HBA228,0,0
21,alpha2,HBA228,0,0
23,alpha2,HBA228,0,0
24,alpha2,HBA228,915,33.45521023766
25,alpha2,HBA228,1,0.15015015015015
26,alpha2,HBA228,23,0.440022957719533
27,alpha2,HBA228,7,0.149989286479537
28,alpha2,HBA228,0,0
29,alpha2,HBA228,0,0
30,alpha2,HBA228,0,0
31,alpha2,HBA228,0,0
32,alpha2,HBA228,5,0.158679784195493
34,alpha2,HBA228,9,0.142112742775936
36,alpha2,HBA228,0,0
37,alpha2,HBA228,9,0.190234622701332
38,alpha2,HBA228,0,0
39,alpha2,HBA228,5,0.128303823453939
4,alpha2,HBA228,26,0.284806660094205
40,alpha2,HBA228,0,0
42,alpha2,HBA228,2,0.0659413122321134
44,alpha2,HBA228,7,0.448143405889885
45,alpha2,HBA228,20,0.396982929734021
46,alpha2,HBA228,0,0
47,alpha2,HBA228,6,0.186277553554797
48,alpha2,HBA228,0,0
49,alpha2,HBA228,0,0
5,alpha2,HBA228,1,0.0273822562979189
50,alpha2,HBA228,1370,47.5364330326162
51,alpha2,HBA228,0,0
52,alpha2,HBA228,5,0.0995421063109695
53,alpha2,HBA228,0,0
54,alpha2,HBA228,8,0.371057513914657
55,alpha2,HBA228,2,0.0944287063267233
56,alpha2,HBA228,0,0
57,alpha2,HBA228,0,0
58,alpha2,HBA228,0,0
59,alpha2,HBA228,0,0
6,alpha2,HBA228,1,0.050125313283208
60,alpha2,HBA228,0,0
61,alpha2,HBA228,0,0
62,alpha2,HBA228,17,0.432459933859069
63,alpha2,HBA228,14,0.522193211488251
66,alpha2,HBA228,0,0
67,alpha2,HBA228,1,0.0125439036628199
68,alpha2,HBA228,1,0.0220409962530306
69,alpha2,HBA228,0,0
7,alpha2,HBA228,0,0
70,alpha2,HBA228,0,0
71,alpha2,HBA228,0,0
72,alpha2,HBA228,6,0.219138056975895
73,alpha2,HBA228,1278,32.5522159959246
74,alpha2,HBA228,0,0
75,alpha2,HBA228,5596,49.1308165057068
76,alpha2,HBA228,2563,48.0232340266067
77,alpha2,HBA228,818,49.7869750456482
78,alpha2,HBA228,1,0.0164365548980934
79,alpha2,HBA228,46,0.543863797588082
8,alpha2,HBA228,1,0.025879917184265
80,alpha2,HBA228,46,0.802092414995641
81,alpha2,HBA228,0,0
82,alpha2,HBA228,104,1.06361219063203
84,alpha2,HBA228,0,0
85,alpha2,HBA228,45,0.486433899037942
87,alpha2,HBA228,1,0.0207511931936086
90,alpha2,HBA228,1,0.0624609618988133
91,alpha2,HBA228,14,0.300429184549356
92,alpha2,HBA228,1068,47.4245115452931
93,alpha2,HBA228,11,0.241492864983535
95,alpha2,HBA228,16,0.457012282205084
10,alpha2,HBA229,0,0
12,alpha2,HBA229,0,0
13,alpha2,HBA229,0,0
15,alpha2,HBA229,3061,48.8119917078616
16,alpha2,HBA229,0,0
17,alpha2,HBA229,0,0
18,alpha2,HBA229,0,0
19,alpha2,HBA229,0,0
2,alpha2,HBA229,0,0
20,alpha2,HBA229,1,0.0214454214025306
21,alpha2,HBA229,0,0
23,alpha2,HBA229,0,0
24,alpha2,HBA229,0,0
25,alpha2,HBA229,0,0
26,alpha2,HBA229,0,0
27,alpha2,HBA229,0,0
28,alpha2,HBA229,0,0
29,alpha2,HBA229,0,0
30,alpha2,HBA229,0,0
31,alpha2,HBA229,0,0
32,alpha2,HBA229,0,0
34,alpha2,HBA229,0,0
36,alpha2,HBA229,0,0
37,alpha2,HBA229,0,0
38,alpha2,HBA229,0,0
39,alpha2,HBA229,0,0
4,alpha2,HBA229,0,0
40,alpha2,HBA229,0,0
42,alpha2,HBA229,0,0
44,alpha2,HBA229,0,0
45,alpha2,HBA229,0,0
46,alpha2,HBA229,0,0
47,alpha2,HBA229,0,0
48,alpha2,HBA229,0,0
49,alpha2,HBA229,0,0
5,alpha2,HBA229,2,0.0547645125958379
50,alpha2,HBA229,0,0
51,alpha2,HBA229,778,30.934393638171
52,alpha2,HBA229,0,0
53,alpha2,HBA229,0,0
54,alpha2,HBA229,0,0
55,alpha2,HBA229,0,0
56,alpha2,HBA229,0,0
57,alpha2,HBA229,0,0
58,alpha2,HBA229,0,0
59,alpha2,HBA229,0,0
6,alpha2,HBA229,0,0
60,alpha2,HBA229,0,0
61,alpha2,HBA229,0,0
62,alpha2,HBA229,0,0
63,alpha2,HBA229,0,0
66,alpha2,HBA229,0,0
67,alpha2,HBA229,2,0.0250878073256397
68,alpha2,HBA229,0,0
69,alpha2,HBA229,0,0
7,alpha2,HBA229,0,0
70,alpha2,HBA229,0,0
71,alpha2,HBA229,0,0
72,alpha2,HBA229,0,0
73,alpha2,HBA229,0,0
74,alpha2,HBA229,0,0
75,alpha2,HBA229,0,0
76,alpha2,HBA229,0,0
77,alpha2,HBA229,0,0
78,alpha2,HBA229,0,0
79,alpha2,HBA229,0,0
8,alpha2,HBA229,0,0
80,alpha2,HBA229,1,0.01743679163034
81,alpha2,HBA229,0,0
82,alpha2,HBA229,0,0
84,alpha2,HBA229,0,0
85,alpha2,HBA229,0,0
87,alpha2,HBA229,1,0.0207511931936086
90,alpha2,HBA229,1,0.0624609618988133
91,alpha2,HBA229,0,0
92,alpha2,HBA229,0,0
93,alpha2,HBA229,0,0
95,alpha2,HBA229,0,0
10,alpha2,HBA2210,0,0
12,alpha2,HBA2210,0,0
13,alpha2,HBA2210,0,0
15,alpha2,HBA2210,0,0
16,alpha2,HBA2210,0,0
17,alpha2,HBA2210,0,0
18,alpha2,HBA2210,0,0
19,alpha2,HBA2210,0,0
2,alpha2,HBA2210,0,0
20,alpha2,HBA2210,0,0
21,alpha2,HBA2210,0,0
23,alpha2,HBA2210,0,0
24,alpha2,HBA2210,0,0
25,alpha2,HBA2210,0,0
26,alpha2,HBA2210,0,0
27,alpha2,HBA2210,0,0
28,alpha2,HBA2210,3600,86.0832137733142
29,alpha2,HBA2210,0,0
30,alpha2,HBA2210,0,0
31,alpha2,HBA2210,0,0
32,alpha2,HBA2210,0,0
34,alpha2,HBA2210,0,0
36,alpha2,HBA2210,0,0
37,alpha2,HBA2210,0,0
38,alpha2,HBA2210,0,0
39,alpha2,HBA2210,0,0
4,alpha2,HBA2210,0,0
40,alpha2,HBA2210,0,0
42,alpha2,HBA2210,0,0
44,alpha2,HBA2210,0,0
45,alpha2,HBA2210,1,0.0198491464867011
46,alpha2,HBA2210,0,0
47,alpha2,HBA2210,0,0
48,alpha2,HBA2210,0,0
49,alpha2,HBA2210,0,0
5,alpha2,HBA2210,0,0
50,alpha2,HBA2210,0,0
51,alpha2,HBA2210,0,0
52,alpha2,HBA2210,0,0
53,alpha2,HBA2210,0,0
54,alpha2,HBA2210,0,0
55,alpha2,HBA2210,0,0
56,alpha2,HBA2210,0,0
57,alpha2,HBA2210,0,0
58,alpha2,HBA2210,0,0
59,alpha2,HBA2210,0,0
6,alpha2,HBA2210,0,0
60,alpha2,HBA2210,0,0
61,alpha2,HBA2210,0,0
62,alpha2,HBA2210,0,0
63,alpha2,HBA2210,0,0
66,alpha2,HBA2210,0,0
67,alpha2,HBA2210,0,0
68,alpha2,HBA2210,0,0
69,alpha2,HBA2210,0,0
7,alpha2,HBA2210,0,0
70,alpha2,HBA2210,0,0
71,alpha2,HBA2210,0,0
72,alpha2,HBA2210,0,0
73,alpha2,HBA2210,0,0
74,alpha2,HBA2210,0,0
75,alpha2,HBA2210,0,0
76,alpha2,HBA2210,0,0
77,alpha2,HBA2210,0,0
78,alpha2,HBA2210,0,0
79,alpha2,HBA2210,0,0
8,alpha2,HBA2210,0,0
80,alpha2,HBA2210,0,0
81,alpha2,HBA2210,0,0
82,alpha2,HBA2210,0,0
84,alpha2,HBA2210,0,0
85,alpha2,HBA2210,0,0
87,alpha2,HBA2210,0,0
90,alpha2,HBA2210,0,0
91,alpha2,HBA2210,0,0
92,alpha2,HBA2210,0,0
93,alpha2,HBA2210,0,0
95,alpha2,HBA2210,0,0
10,alpha2,HBA2211,0,0
12,alpha2,HBA2211,0,0
13,alpha2,HBA2211,0,0
15,alpha2,HBA2211,0,0
16,alpha2,HBA2211,0,0
17,alpha2,HBA2211,0,0
18,alpha2,HBA2211,0,0
19,alpha2,HBA2211,0,0
2,alpha2,HBA2211,0,0
20,alpha2,HBA2211,0,0
21,alpha2,HBA2211,0,0
23,alpha2,HBA2211,0,0
24,alpha2,HBA2211,0,0
25,alpha2,HBA2211,0,0
26,alpha2,HBA2211,0,0
27,alpha2,HBA2211,0,0
28,alpha2,HBA2211,0,0
29,alpha2,HBA2211,0,0
30,alpha2,HBA2211,0,0
31,alpha2,HBA2211,3403,31.9530516431925
32,alpha2,HBA2211,0,0
34,alpha2,HBA2211,0,0
36,alpha2,HBA2211,0,0
37,alpha2,HBA2211,0,0
38,alpha2,HBA2211,0,0
39,alpha2,HBA2211,0,0
4,alpha2,HBA2211,0,0
40,alpha2,HBA2211,0,0
42,alpha2,HBA2211,0,0
44,alpha2,HBA2211,0,0
45,alpha2,HBA2211,0,0
46,alpha2,HBA2211,0,0
47,alpha2,HBA2211,0,0
48,alpha2,HBA2211,0,0
49,alpha2,HBA2211,0,0
5,alpha2,HBA2211,0,0
50,alpha2,HBA2211,0,0
51,alpha2,HBA2211,0,0
52,alpha2,HBA2211,0,0
53,alpha2,HBA2211,0,0
54,alpha2,HBA2211,0,0
55,alpha2,HBA2211,0,0
56,alpha2,HBA2211,0,0
57,alpha2,HBA2211,0,0
58,alpha2,HBA2211,0,0
59,alpha2,HBA2211,0,0
6,alpha2,HBA2211,0,0
60,alpha2,HBA2211,0,0
61,alpha2,HBA2211,0,0
62,alpha2,HBA2211,0,0
63,alpha2,HBA2211,0,0
66,alpha2,HBA2211,1,0.0142612664004564
67,alpha2,HBA2211,0,0
68,alpha2,HBA2211,0,0
69,alpha2,HBA2211,0,0
7,alpha2,HBA2211,0,0
70,alpha2,HBA2211,0,0
71,alpha2,HBA2211,0,0
72,alpha2,HBA2211,0,0
73,alpha2,HBA2211,0,0
74,alpha2,HBA2211,0,0
75,alpha2,HBA2211,0,0
76,alpha2,HBA2211,0,0
77,alpha2,HBA2211,0,0
78,alpha2,HBA2211,0,0
79,alpha2,HBA2211,0,0
8,alpha2,HBA2211,0,0
80,alpha2,HBA2211,0,0
81,alpha2,HBA2211,0,0
82,alpha2,HBA2211,0,0
84,alpha2,HBA2211,0,0
85,alpha2,HBA2211,0,0
87,alpha2,HBA2211,0,0
90,alpha2,HBA2211,0,0
91,alpha2,HBA2211,0,0
92,alpha2,HBA2211,0,0
93,alpha2,HBA2211,0,0
95,alpha2,HBA2211,1,0.0285632676378178
10,alpha2,HBA2212,14,0.375536480686695
12,alpha2,HBA2212,0,0
13,alpha2,HBA2212,0,0
15,alpha2,HBA2212,0,0
16,alpha2,HBA2212,0,0
17,alpha2,HBA2212,8,0.82815734989648
18,alpha2,HBA2212,0,0
19,alpha2,HBA2212,0,0
2,alpha2,HBA2212,0,0
20,alpha2,HBA2212,0,0
21,alpha2,HBA2212,0,0
23,alpha2,HBA2212,74,0.719704337677495
24,alpha2,HBA2212,9,0.329067641681901
25,alpha2,HBA2212,0,0
26,alpha2,HBA2212,0,0
27,alpha2,HBA2212,18,0.385686736661667
28,alpha2,HBA2212,0,0
29,alpha2,HBA2212,24,1.04484109708315
30,alpha2,HBA2212,0,0
31,alpha2,HBA2212,0,0
32,alpha2,HBA2212,0,0
34,alpha2,HBA2212,0,0
36,alpha2,HBA2212,14,0.641319285387082
37,alpha2,HBA2212,19,0.401606425702811
38,alpha2,HBA2212,4,1.22324159021407
39,alpha2,HBA2212,0,0
4,alpha2,HBA2212,0,0
40,alpha2,HBA2212,4,0.349040139616056
42,alpha2,HBA2212,0,0
44,alpha2,HBA2212,0,0
45,alpha2,HBA2212,46,0.913060738388249
46,alpha2,HBA2212,22,0.431287982748481
47,alpha2,HBA2212,0,0
48,alpha2,HBA2212,8,0.497203231821007
49,alpha2,HBA2212,0,0
5,alpha2,HBA2212,0,0
50,alpha2,HBA2212,0,0
51,alpha2,HBA2212,13,0.516898608349901
52,alpha2,HBA2212,0,0
53,alpha2,HBA2212,0,0
54,alpha2,HBA2212,17,0.788497217068646
55,alpha2,HBA2212,0,0
56,alpha2,HBA2212,11,0.370994940978078
57,alpha2,HBA2212,0,0
58,alpha2,HBA2212,22,0.523311132254995
59,alpha2,HBA2212,0,0
6,alpha2,HBA2212,0,0
60,alpha2,HBA2212,0,0
61,alpha2,HBA2212,0,0
62,alpha2,HBA2212,0,0
63,alpha2,HBA2212,14,0.522193211488251
66,alpha2,HBA2212,25,0.356531660011409
67,alpha2,HBA2212,42,0.526843953838435
68,alpha2,HBA2212,25,0.551024906325766
69,alpha2,HBA2212,8,0.375058602906704
7,alpha2,HBA2212,54,0.860283574956189
70,alpha2,HBA2212,76,1.29604365620737
71,alpha2,HBA2212,35,0.618374558303887
72,alpha2,HBA2212,20,0.73046018991965
73,alpha2,HBA2212,0,0
74,alpha2,HBA2212,14,0.217966682235715
75,alpha2,HBA2212,0,0
76,alpha2,HBA2212,0,0
77,alpha2,HBA2212,0,0
78,alpha2,HBA2212,43,0.706771860618014
79,alpha2,HBA2212,57,0.673918183967841
8,alpha2,HBA2212,0,0
80,alpha2,HBA2212,0,0
81,alpha2,HBA2212,14,0.458265139116203
82,alpha2,HBA2212,61,0.623849457966864
84,alpha2,HBA2212,14,0.484429065743945
85,alpha2,HBA2212,75,0.810723165063237
87,alpha2,HBA2212,0,0
90,alpha2,HBA2212,0,0
91,alpha2,HBA2212,25,0.536480686695279
92,alpha2,HBA2212,13,0.577264653641208
93,alpha2,HBA2212,23,0.504939626783754
95,alpha2,HBA2212,0,0
10,alpha2,HBA2213,18,0.482832618025751
12,alpha2,HBA2213,0,0
13,alpha2,HBA2213,0,0
15,alpha2,HBA2213,0,0
16,alpha2,HBA2213,0,0
17,alpha2,HBA2213,11,1.13871635610766
18,alpha2,HBA2213,0,0
19,alpha2,HBA2213,0,0
2,alpha2,HBA2213,0,0
20,alpha2,HBA2213,0,0
21,alpha2,HBA2213,0,0
23,alpha2,HBA2213,62,0.602995526162225
24,alpha2,HBA2213,14,0.511882998171847
25,alpha2,HBA2213,0,0
26,alpha2,HBA2213,0,0
27,alpha2,HBA2213,21,0.449967859438612
28,alpha2,HBA2213,0,0
29,alpha2,HBA2213,14,0.609490639965172
30,alpha2,HBA2213,0,0
31,alpha2,HBA2213,1,0.00938967136150235
32,alpha2,HBA2213,0,0
34,alpha2,HBA2213,0,0
36,alpha2,HBA2213,13,0.59551076500229
37,alpha2,HBA2213,21,0.443880786303107
38,alpha2,HBA2213,1,0.305810397553517
39,alpha2,HBA2213,0,0
4,alpha2,HBA2213,0,0
40,alpha2,HBA2213,6,0.523560209424084
42,alpha2,HBA2213,0,0
44,alpha2,HBA2213,0,0
45,alpha2,HBA2213,51,1.01230647082175
46,alpha2,HBA2213,22,0.431287982748481
47,alpha2,HBA2213,0,0
48,alpha2,HBA2213,9,0.559353635798633
49,alpha2,HBA2213,0,0
5,alpha2,HBA2213,0,0
50,alpha2,HBA2213,0,0
51,alpha2,HBA2213,13,0.516898608349901
52,alpha2,HBA2213,0,0
53,alpha2,HBA2213,0,0
54,alpha2,HBA2213,18,0.834879406307978
55,alpha2,HBA2213,0,0
56,alpha2,HBA2213,6,0.202360876897133
57,alpha2,HBA2213,0,0
58,alpha2,HBA2213,27,0.642245480494767
59,alpha2,HBA2213,0,0
6,alpha2,HBA2213,0,0
60,alpha2,HBA2213,0,0
61,alpha2,HBA2213,0,0
62,alpha2,HBA2213,0,0
63,alpha2,HBA2213,11,0.41029466616934
66,alpha2,HBA2213,45,0.641756988020536
67,alpha2,HBA2213,32,0.401404917210236
68,alpha2,HBA2213,23,0.506942913819705
69,alpha2,HBA2213,5,0.23441162681669
7,alpha2,HBA2213,54,0.860283574956189
70,alpha2,HBA2213,68,1.15961800818554
71,alpha2,HBA2213,42,0.742049469964664
72,alpha2,HBA2213,19,0.693937180423667
73,alpha2,HBA2213,0,0
74,alpha2,HBA2213,23,0.358088120815818
75,alpha2,HBA2213,0,0
76,alpha2,HBA2213,0,0
77,alpha2,HBA2213,0,0
78,alpha2,HBA2213,36,0.591715976331361
79,alpha2,HBA2213,52,0.614802553795223
8,alpha2,HBA2213,0,0
80,alpha2,HBA2213,0,0
81,alpha2,HBA2213,13,0.425531914893617
82,alpha2,HBA2213,64,0.654530578850481
84,alpha2,HBA2213,12,0.41522491349481
85,alpha2,HBA2213,72,0.778294238460707
87,alpha2,HBA2213,0,0
90,alpha2,HBA2213,0,0
91,alpha2,HBA2213,17,0.36480686695279
92,alpha2,HBA2213,13,0.577264653641208
93,alpha2,HBA2213,17,0.373216245883644
95,alpha2,HBA2213,0,0
10,alpha2,HBA2214,0,0
12,alpha2,HBA2214,26,0.574839708158302
13,alpha2,HBA2214,30,0.641162641590083
15,alpha2,HBA2214,0,0
16,alpha2,HBA2214,55,0.827192058956234
17,alpha2,HBA2214,5,0.5175983436853
18,alpha2,HBA2214,109,1.313411254368
19,alpha2,HBA2214,0,0
2,alpha2,HBA2214,13,0.625601539942252
20,alpha2,HBA2214,0,0
21,alpha2,HBA2214,0,0
23,alpha2,HBA2214,0,0
24,alpha2,HBA2214,0,0
25,alpha2,HBA2214,11,1.65165165165165
26,alpha2,HBA2214,37,0.707863018940119
27,alpha2,HBA2214,15,0.321405613884723
28,alpha2,HBA2214,0,0
29,alpha2,HBA2214,0,0
30,alpha2,HBA2214,0,0
31,alpha2,HBA2214,0,0
32,alpha2,HBA2214,0,0
34,alpha2,HBA2214,29,0.45791883783357
36,alpha2,HBA2214,0,0
37,alpha2,HBA2214,23,0.486155146903403
38,alpha2,HBA2214,4,1.22324159021407
39,alpha2,HBA2214,27,0.69284064665127
4,alpha2,HBA2214,53,0.580567422499726
40,alpha2,HBA2214,0,0
42,alpha2,HBA2214,25,0.824266402901418
44,alpha2,HBA2214,12,0.768245838668374
45,alpha2,HBA2214,21,0.416832076220723
46,alpha2,HBA2214,0,0
47,alpha2,HBA2214,23,0.714063955293387
48,alpha2,HBA2214,0,0
49,alpha2,HBA2214,0,0
5,alpha2,HBA2214,0,0
50,alpha2,HBA2214,0,0
51,alpha2,HBA2214,0,0
52,alpha2,HBA2214,33,0.656977901652399
53,alpha2,HBA2214,0,0
54,alpha2,HBA2214,7,0.324675324675325
55,alpha2,HBA2214,16,0.755429650613787
56,alpha2,HBA2214,0,0
57,alpha2,HBA2214,0,0
58,alpha2,HBA2214,0,0
59,alpha2,HBA2214,12,1.29310344827586
6,alpha2,HBA2214,29,1.45363408521303
60,alpha2,HBA2214,37,1.02125310516147
61,alpha2,HBA2214,73,1.55154091392136
62,alpha2,HBA2214,0,0
63,alpha2,HBA2214,15,0.559492726594554
66,alpha2,HBA2214,0,0
67,alpha2,HBA2214,0,0
68,alpha2,HBA2214,0,0
69,alpha2,HBA2214,0,0
7,alpha2,HBA2214,0,0
70,alpha2,HBA2214,0,0
71,alpha2,HBA2214,0,0
72,alpha2,HBA2214,15,0.547845142439737
73,alpha2,HBA2214,0,0
74,alpha2,HBA2214,0,0
75,alpha2,HBA2214,0,0
76,alpha2,HBA2214,0,0
77,alpha2,HBA2214,8,0.486914181375533
78,alpha2,HBA2214,0,0
79,alpha2,HBA2214,0,0
8,alpha2,HBA2214,41,1.06107660455487
80,alpha2,HBA2214,31,0.540540540540541
81,alpha2,HBA2214,0,0
82,alpha2,HBA2214,29,0.296584168541624
84,alpha2,HBA2214,0,0
85,alpha2,HBA2214,0,0
87,alpha2,HBA2214,0,0
90,alpha2,HBA2214,9,0.562148657089319
91,alpha2,HBA2214,17,0.36480686695279
92,alpha2,HBA2214,0,0
93,alpha2,HBA2214,25,0.548847420417124
95,alpha2,HBA2214,31,0.885461296772351
10,alpha2,HBA2215,0,0
12,alpha2,HBA2215,1,0.0221092195445501
13,alpha2,HBA2215,42,0.897627698226117
15,alpha2,HBA2215,41,0.653803221176846
16,alpha2,HBA2215,56,0.84223191457362
17,alpha2,HBA2215,0,0
18,alpha2,HBA2215,1,0.0120496445354862
19,alpha2,HBA2215,36,0.391091797935904
2,alpha2,HBA2215,0,0
20,alpha2,HBA2215,0,0
21,alpha2,HBA2215,11,0.624645088018171
23,alpha2,HBA2215,0,0
24,alpha2,HBA2215,0,0
25,alpha2,HBA2215,0,0
26,alpha2,HBA2215,0,0
27,alpha2,HBA2215,0,0
28,alpha2,HBA2215,5,0.119560019129603
29,alpha2,HBA2215,12,0.522420548541576
30,alpha2,HBA2215,74,2.00542005420054
31,alpha2,HBA2215,40,0.375586854460094
32,alpha2,HBA2215,19,0.602983179942875
34,alpha2,HBA2215,0,0
36,alpha2,HBA2215,1,0.0458085203847916
37,alpha2,HBA2215,0,0
38,alpha2,HBA2215,0,0
39,alpha2,HBA2215,23,0.590197587888119
4,alpha2,HBA2215,60,0.657246138678935
40,alpha2,HBA2215,1,0.087260034904014
42,alpha2,HBA2215,25,0.824266402901418
44,alpha2,HBA2215,0,0
45,alpha2,HBA2215,0,0
46,alpha2,HBA2215,0,0
47,alpha2,HBA2215,0,0
48,alpha2,HBA2215,1,0.0621504039776259
49,alpha2,HBA2215,0,0
5,alpha2,HBA2215,0,0
50,alpha2,HBA2215,12,0.416377515614157
51,alpha2,HBA2215,0,0
52,alpha2,HBA2215,0,0
53,alpha2,HBA2215,106,1.50525418915081
54,alpha2,HBA2215,0,0
55,alpha2,HBA2215,0,0
56,alpha2,HBA2215,10,0.337268128161889
57,alpha2,HBA2215,3,0.845070422535211
58,alpha2,HBA2215,0,0
59,alpha2,HBA2215,3,0.323275862068966
6,alpha2,HBA2215,0,0
60,alpha2,HBA2215,5,0.138007176373171
61,alpha2,HBA2215,0,0
62,alpha2,HBA2215,33,0.839481048079369
63,alpha2,HBA2215,0,0
66,alpha2,HBA2215,0,0
67,alpha2,HBA2215,0,0
68,alpha2,HBA2215,0,0
69,alpha2,HBA2215,0,0
7,alpha2,HBA2215,1,0.0159311773140035
70,alpha2,HBA2215,5,0.0852660300136426
71,alpha2,HBA2215,0,0
72,alpha2,HBA2215,0,0
73,alpha2,HBA2215,0,0
74,alpha2,HBA2215,43,0.669469095438269
75,alpha2,HBA2215,0,0
76,alpha2,HBA2215,0,0
77,alpha2,HBA2215,0,0
78,alpha2,HBA2215,0,0
79,alpha2,HBA2215,1,0.0118231260345235
8,alpha2,HBA2215,4,0.10351966873706
80,alpha2,HBA2215,0,0
81,alpha2,HBA2215,17,0.556464811783961
82,alpha2,HBA2215,0,0
84,alpha2,HBA2215,15,0.519031141868512
85,alpha2,HBA2215,0,0
87,alpha2,HBA2215,0,0
90,alpha2,HBA2215,0,0
91,alpha2,HBA2215,0,0
92,alpha2,HBA2215,0,0
93,alpha2,HBA2215,0,0
95,alpha2,HBA2215,0,0
10,alpha2,HBA2216,0,0
12,alpha2,HBA2216,0,0
13,alpha2,HBA2216,0,0
15,alpha2,HBA2216,1,0.0159464200287036
16,alpha2,HBA2216,0,0
17,alpha2,HBA2216,0,0
18,alpha2,HBA2216,0,0
19,alpha2,HBA2216,0,0
2,alpha2,HBA2216,0,0
20,alpha2,HBA2216,0,0
21,alpha2,HBA2216,0,0
23,alpha2,HBA2216,75,0.729430071970434
24,alpha2,HBA2216,8,0.292504570383912
25,alpha2,HBA2216,0,0
26,alpha2,HBA2216,0,0
27,alpha2,HBA2216,25,0.535676023141204
28,alpha2,HBA2216,0,0
29,alpha2,HBA2216,0,0
30,alpha2,HBA2216,0,0
31,alpha2,HBA2216,43,0.403755868544601
32,alpha2,HBA2216,0,0
34,alpha2,HBA2216,0,0
36,alpha2,HBA2216,0,0
37,alpha2,HBA2216,22,0.465017966603255
38,alpha2,HBA2216,3,0.91743119266055
39,alpha2,HBA2216,0,0
4,alpha2,HBA2216,0,0
40,alpha2,HBA2216,8,0.698080279232112
42,alpha2,HBA2216,0,0
44,alpha2,HBA2216,0,0
45,alpha2,HBA2216,0,0
46,alpha2,HBA2216,22,0.431287982748481
47,alpha2,HBA2216,0,0
48,alpha2,HBA2216,11,0.683654443753884
49,alpha2,HBA2216,0,0
5,alpha2,HBA2216,0,0
50,alpha2,HBA2216,0,0
51,alpha2,HBA2216,10,0.397614314115308
52,alpha2,HBA2216,0,0
53,alpha2,HBA2216,0,0
54,alpha2,HBA2216,0,0
55,alpha2,HBA2216,0,0
56,alpha2,HBA2216,13,0.438448566610455
57,alpha2,HBA2216,0,0
58,alpha2,HBA2216,18,0.428163653663178
59,alpha2,HBA2216,0,0
6,alpha2,HBA2216,0,0
60,alpha2,HBA2216,0,0
61,alpha2,HBA2216,0,0
62,alpha2,HBA2216,0,0
63,alpha2,HBA2216,12,0.447594181275643
66,alpha2,HBA2216,38,0.541928123217342
67,alpha2,HBA2216,29,0.363773206221776
68,alpha2,HBA2216,26,0.573065902578797
69,alpha2,HBA2216,18,0.843881856540084
7,alpha2,HBA2216,0,0
70,alpha2,HBA2216,0,0
71,alpha2,HBA2216,34,0.600706713780919
72,alpha2,HBA2216,0,0
73,alpha2,HBA2216,14,0.356597045338767
74,alpha2,HBA2216,23,0.358088120815818
75,alpha2,HBA2216,0,0
76,alpha2,HBA2216,0,0
77,alpha2,HBA2216,0,0
78,alpha2,HBA2216,37,0.608152531229454
79,alpha2,HBA2216,0,0
8,alpha2,HBA2216,0,0
80,alpha2,HBA2216,0,0
81,alpha2,HBA2216,14,0.458265139116203
82,alpha2,HBA2216,0,0
84,alpha2,HBA2216,9,0.311418685121107
85,alpha2,HBA2216,39,0.421576045832883
87,alpha2,HBA2216,16,0.332019091097738
90,alpha2,HBA2216,7,0.437226733291693
91,alpha2,HBA2216,21,0.450643776824034
92,alpha2,HBA2216,0,0
93,alpha2,HBA2216,20,0.439077936333699
95,alpha2,HBA2216,0,0
10,alpha2,HBA2217,1198,32.1351931330472
12,alpha2,HBA2217,0,0
13,alpha2,HBA2217,0,0
15,alpha2,HBA2217,0,0
16,alpha2,HBA2217,0,0
17,alpha2,HBA2217,0,0
18,alpha2,HBA2217,0,0
19,alpha2,HBA2217,0,0
2,alpha2,HBA2217,0,0
20,alpha2,HBA2217,0,0
21,alpha2,HBA2217,0,0
23,alpha2,HBA2217,0,0
24,alpha2,HBA2217,0,0
25,alpha2,HBA2217,0,0
26,alpha2,HBA2217,0,0
27,alpha2,HBA2217,0,0
28,alpha2,HBA2217,0,0
29,alpha2,HBA2217,0,0
30,alpha2,HBA2217,0,0
31,alpha2,HBA2217,0,0
32,alpha2,HBA2217,0,0
34,alpha2,HBA2217,0,0
36,alpha2,HBA2217,0,0
37,alpha2,HBA2217,0,0
38,alpha2,HBA2217,0,0
39,alpha2,HBA2217,0,0
4,alpha2,HBA2217,0,0
40,alpha2,HBA2217,0,0
42,alpha2,HBA2217,0,0
44,alpha2,HBA2217,0,0
45,alpha2,HBA2217,0,0
46,alpha2,HBA2217,0,0
47,alpha2,HBA2217,0,0
48,alpha2,HBA2217,0,0
49,alpha2,HBA2217,0,0
5,alpha2,HBA2217,0,0
50,alpha2,HBA2217,0,0
51,alpha2,HBA2217,0,0
52,alpha2,HBA2217,0,0
53,alpha2,HBA2217,0,0
54,alpha2,HBA2217,0,0
55,alpha2,HBA2217,0,0
56,alpha2,HBA2217,0,0
57,alpha2,HBA2217,0,0
58,alpha2,HBA2217,0,0
59,alpha2,HBA2217,0,0
6,alpha2,HBA2217,0,0
60,alpha2,HBA2217,0,0
61,alpha2,HBA2217,0,0
62,alpha2,HBA2217,0,0
63,alpha2,HBA2217,0,0
66,alpha2,HBA2217,0,0
67,alpha2,HBA2217,0,0
68,alpha2,HBA2217,0,0
69,alpha2,HBA2217,0,0
7,alpha2,HBA2217,0,0
70,alpha2,HBA2217,0,0
71,alpha2,HBA2217,0,0
72,alpha2,HBA2217,0,0
73,alpha2,HBA2217,0,0
74,alpha2,HBA2217,0,0
75,alpha2,HBA2217,0,0
76,alpha2,HBA2217,0,0
77,alpha2,HBA2217,0,0
78,alpha2,HBA2217,0,0
79,alpha2,HBA2217,0,0
8,alpha2,HBA2217,0,0
80,alpha2,HBA2217,0,0
81,alpha2,HBA2217,0,0
82,alpha2,HBA2217,0,0
84,alpha2,HBA2217,0,0
85,alpha2,HBA2217,0,0
87,alpha2,HBA2217,0,0
90,alpha2,HBA2217,0,0
91,alpha2,HBA2217,0,0
92,alpha2,HBA2217,0,0
93,alpha2,HBA2217,0,0
95,alpha2,HBA2217,0,0
10,alpha2,HBA2218,16,0.429184549356223
12,alpha2,HBA2218,27,0.596948927702852
13,alpha2,HBA2218,0,0
15,alpha2,HBA2218,0,0
16,alpha2,HBA2218,0,0
17,alpha2,HBA2218,0,0
18,alpha2,HBA2218,0,0
19,alpha2,HBA2218,50,0.543183052688756
2,alpha2,HBA2218,20,0.962463907603465
20,alpha2,HBA2218,31,0.664808063478447
21,alpha2,HBA2218,8,0.454287336740488
23,alpha2,HBA2218,0,0
24,alpha2,HBA2218,0,0
25,alpha2,HBA2218,0,0
26,alpha2,HBA2218,0,0
27,alpha2,HBA2218,0,0
28,alpha2,HBA2218,0,0
29,alpha2,HBA2218,0,0
30,alpha2,HBA2218,0,0
31,alpha2,HBA2218,0,0
32,alpha2,HBA2218,0,0
34,alpha2,HBA2218,36,0.568450971103742
36,alpha2,HBA2218,12,0.549702244617499
37,alpha2,HBA2218,0,0
38,alpha2,HBA2218,0,0
39,alpha2,HBA2218,0,0
4,alpha2,HBA2218,0,0
40,alpha2,HBA2218,0,0
42,alpha2,HBA2218,0,0
44,alpha2,HBA2218,0,0
45,alpha2,HBA2218,0,0
46,alpha2,HBA2218,22,0.431287982748481
47,alpha2,HBA2218,17,0.527786401738591
48,alpha2,HBA2218,0,0
49,alpha2,HBA2218,0,0
5,alpha2,HBA2218,25,0.684556407447974
50,alpha2,HBA2218,0,0
51,alpha2,HBA2218,0,0
52,alpha2,HBA2218,34,0.676886322914593
53,alpha2,HBA2218,0,0
54,alpha2,HBA2218,0,0
55,alpha2,HBA2218,12,0.56657223796034
56,alpha2,HBA2218,0,0
57,alpha2,HBA2218,0,0
58,alpha2,HBA2218,20,0.475737392959087
59,alpha2,HBA2218,0,0
6,alpha2,HBA2218,0,0
60,alpha2,HBA2218,0,0
61,alpha2,HBA2218,0,0
62,alpha2,HBA2218,0,0
63,alpha2,HBA2218,0,0
66,alpha2,HBA2218,0,0
67,alpha2,HBA2218,0,0
68,alpha2,HBA2218,15,0.33061494379546
69,alpha2,HBA2218,9,0.421940928270042
7,alpha2,HBA2218,30,0.477935319420105
70,alpha2,HBA2218,0,0
71,alpha2,HBA2218,0,0
72,alpha2,HBA2218,0,0
73,alpha2,HBA2218,0,0
74,alpha2,HBA2218,0,0
75,alpha2,HBA2218,0,0
76,alpha2,HBA2218,44,0.824433202173506
77,alpha2,HBA2218,0,0
78,alpha2,HBA2218,0,0
79,alpha2,HBA2218,24,0.283755024828565
8,alpha2,HBA2218,0,0
80,alpha2,HBA2218,0,0
81,alpha2,HBA2218,0,0
82,alpha2,HBA2218,0,0
84,alpha2,HBA2218,0,0
85,alpha2,HBA2218,0,0
87,alpha2,HBA2218,30,0.622535795808259
90,alpha2,HBA2218,0,0
91,alpha2,HBA2218,0,0
92,alpha2,HBA2218,0,0
93,alpha2,HBA2218,0,0
95,alpha2,HBA2218,0,0
10,alpha2,HBA2219,0,0
12,alpha2,HBA2219,0,0
13,alpha2,HBA2219,0,0
15,alpha2,HBA2219,0,0
16,alpha2,HBA2219,0,0
17,alpha2,HBA2219,0,0
18,alpha2,HBA2219,0,0
19,alpha2,HBA2219,29,0.315046170559479
2,alpha2,HBA2219,1,0.0481231953801732
20,alpha2,HBA2219,0,0
21,alpha2,HBA2219,0,0
23,alpha2,HBA2219,0,0
24,alpha2,HBA2219,0,0
25,alpha2,HBA2219,0,0
26,alpha2,HBA2219,32,0.612205854218481
27,alpha2,HBA2219,0,0
28,alpha2,HBA2219,0,0
29,alpha2,HBA2219,0,0
30,alpha2,HBA2219,0,0
31,alpha2,HBA2219,0,0
32,alpha2,HBA2219,24,0.761662964138369
34,alpha2,HBA2219,0,0
36,alpha2,HBA2219,0,0
37,alpha2,HBA2219,0,0
38,alpha2,HBA2219,0,0
39,alpha2,HBA2219,0,0
4,alpha2,HBA2219,0,0
40,alpha2,HBA2219,0,0
42,alpha2,HBA2219,0,0
44,alpha2,HBA2219,0,0
45,alpha2,HBA2219,0,0
46,alpha2,HBA2219,0,0
47,alpha2,HBA2219,0,0
48,alpha2,HBA2219,0,0
49,alpha2,HBA2219,0,0
5,alpha2,HBA2219,0,0
50,alpha2,HBA2219,0,0
51,alpha2,HBA2219,0,0
52,alpha2,HBA2219,0,0
53,alpha2,HBA2219,0,0
54,alpha2,HBA2219,0,0
55,alpha2,HBA2219,0,0
56,alpha2,HBA2219,0,0
57,alpha2,HBA2219,0,0
58,alpha2,HBA2219,0,0
59,alpha2,HBA2219,0,0
6,alpha2,HBA2219,0,0
60,alpha2,HBA2219,0,0
61,alpha2,HBA2219,0,0
62,alpha2,HBA2219,26,0.661409310607988
63,alpha2,HBA2219,0,0
66,alpha2,HBA2219,0,0
67,alpha2,HBA2219,0,0
68,alpha2,HBA2219,0,0
69,alpha2,HBA2219,0,0
7,alpha2,HBA2219,0,0
70,alpha2,HBA2219,0,0
71,alpha2,HBA2219,0,0
72,alpha2,HBA2219,0,0
73,alpha2,HBA2219,0,0
74,alpha2,HBA2219,0,0
75,alpha2,HBA2219,87,0.763827919227393
76,alpha2,HBA2219,0,0
77,alpha2,HBA2219,0,0
78,alpha2,HBA2219,0,0
79,alpha2,HBA2219,30,0.354693781035706
8,alpha2,HBA2219,0,0
80,alpha2,HBA2219,0,0
81,alpha2,HBA2219,0,0
82,alpha2,HBA2219,20,0.204540805890775
84,alpha2,HBA2219,0,0
85,alpha2,HBA2219,23,0.248621770619393
87,alpha2,HBA2219,0,0
90,alpha2,HBA2219,0,0
91,alpha2,HBA2219,0,0
92,alpha2,HBA2219,0,0
93,alpha2,HBA2219,0,0
95,alpha2,HBA2219,0,0
10,alpha2,HBA2220,0,0
12,alpha2,HBA2220,0,0
13,alpha2,HBA2220,0,0
15,alpha2,HBA2220,0,0
16,alpha2,HBA2220,0,0
17,alpha2,HBA2220,0,0
18,alpha2,HBA2220,0,0
19,alpha2,HBA2220,0,0
2,alpha2,HBA2220,0,0
20,alpha2,HBA2220,34,0.729144327686039
21,alpha2,HBA2220,0,0
23,alpha2,HBA2220,0,0
24,alpha2,HBA2220,0,0
25,alpha2,HBA2220,0,0
26,alpha2,HBA2220,0,0
27,alpha2,HBA2220,0,0
28,alpha2,HBA2220,0,0
29,alpha2,HBA2220,0,0
30,alpha2,HBA2220,0,0
31,alpha2,HBA2220,0,0
32,alpha2,HBA2220,0,0
34,alpha2,HBA2220,0,0
36,alpha2,HBA2220,0,0
37,alpha2,HBA2220,0,0
38,alpha2,HBA2220,0,0
39,alpha2,HBA2220,0,0
4,alpha2,HBA2220,0,0
40,alpha2,HBA2220,1,0.087260034904014
42,alpha2,HBA2220,0,0
44,alpha2,HBA2220,6,0.384122919334187
45,alpha2,HBA2220,0,0
46,alpha2,HBA2220,1,0.01960399921584
47,alpha2,HBA2220,0,0
48,alpha2,HBA2220,0,0
49,alpha2,HBA2220,0,0
5,alpha2,HBA2220,20,0.547645125958379
50,alpha2,HBA2220,0,0
51,alpha2,HBA2220,0,0
52,alpha2,HBA2220,0,0
53,alpha2,HBA2220,0,0
54,alpha2,HBA2220,0,0
55,alpha2,HBA2220,0,0
56,alpha2,HBA2220,1,0.0337268128161889
57,alpha2,HBA2220,0,0
58,alpha2,HBA2220,0,0
59,alpha2,HBA2220,0,0
6,alpha2,HBA2220,0,0
60,alpha2,HBA2220,0,0
61,alpha2,HBA2220,0,0
62,alpha2,HBA2220,0,0
63,alpha2,HBA2220,0,0
66,alpha2,HBA2220,40,0.570450656018254
67,alpha2,HBA2220,53,0.664826894129453
68,alpha2,HBA2220,0,0
69,alpha2,HBA2220,0,0
7,alpha2,HBA2220,1,0.0159311773140035
70,alpha2,HBA2220,0,0
71,alpha2,HBA2220,0,0
72,alpha2,HBA2220,0,0
73,alpha2,HBA2220,13,0.33112582781457
74,alpha2,HBA2220,0,0
75,alpha2,HBA2220,0,0
76,alpha2,HBA2220,0,0
77,alpha2,HBA2220,0,0
78,alpha2,HBA2220,0,0
79,alpha2,HBA2220,2,0.0236462520690471
8,alpha2,HBA2220,0,0
80,alpha2,HBA2220,47,0.819529206625981
81,alpha2,HBA2220,0,0
82,alpha2,HBA2220,0,0
84,alpha2,HBA2220,0,0
85,alpha2,HBA2220,0,0
87,alpha2,HBA2220,20,0.415023863872173
90,alpha2,HBA2220,8,0.499687695190506
91,alpha2,HBA2220,0,0
92,alpha2,HBA2220,0,0
93,alpha2,HBA2220,0,0
95,alpha2,HBA2220,19,0.542702085118538
10,alpha2,HBA2221,0,0
12,alpha2,HBA2221,0,0
13,alpha2,HBA2221,0,0
15,alpha2,HBA2221,0,0
16,alpha2,HBA2221,0,0
17,alpha2,HBA2221,0,0
18,alpha2,HBA2221,0,0
19,alpha2,HBA2221,1,0.0108636610537751
2,alpha2,HBA2221,0,0
20,alpha2,HBA2221,0,0
21,alpha2,HBA2221,0,0
23,alpha2,HBA2221,0,0
24,alpha2,HBA2221,6,0.219378427787934
25,alpha2,HBA2221,0,0
26,alpha2,HBA2221,1,0.0191314329443275
27,alpha2,HBA2221,0,0
28,alpha2,HBA2221,0,0
29,alpha2,HBA2221,0,0
30,alpha2,HBA2221,0,0
31,alpha2,HBA2221,0,0
32,alpha2,HBA2221,0,0
34,alpha2,HBA2221,0,0
36,alpha2,HBA2221,0,0
37,alpha2,HBA2221,0,0
38,alpha2,HBA2221,0,0
39,alpha2,HBA2221,0,0
4,alpha2,HBA2221,0,0
40,alpha2,HBA2221,0,0
42,alpha2,HBA2221,0,0
44,alpha2,HBA2221,0,0
45,alpha2,HBA2221,0,0
46,alpha2,HBA2221,0,0
47,alpha2,HBA2221,0,0
48,alpha2,HBA2221,0,0
49,alpha2,HBA2221,0,0
5,alpha2,HBA2221,0,0
50,alpha2,HBA2221,13,0.451075641915337
51,alpha2,HBA2221,0,0
52,alpha2,HBA2221,0,0
53,alpha2,HBA2221,0,0
54,alpha2,HBA2221,0,0
55,alpha2,HBA2221,0,0
56,alpha2,HBA2221,0,0
57,alpha2,HBA2221,0,0
58,alpha2,HBA2221,0,0
59,alpha2,HBA2221,0,0
6,alpha2,HBA2221,0,0
60,alpha2,HBA2221,0,0
61,alpha2,HBA2221,0,0
62,alpha2,HBA2221,0,0
63,alpha2,HBA2221,0,0
66,alpha2,HBA2221,0,0
67,alpha2,HBA2221,0,0
68,alpha2,HBA2221,0,0
69,alpha2,HBA2221,0,0
7,alpha2,HBA2221,0,0
70,alpha2,HBA2221,0,0
71,alpha2,HBA2221,0,0
72,alpha2,HBA2221,0,0
73,alpha2,HBA2221,21,0.534895568008151
74,alpha2,HBA2221,0,0
75,alpha2,HBA2221,69,0.605794556628622
76,alpha2,HBA2221,41,0.768221847479858
77,alpha2,HBA2221,9,0.547778454047474
78,alpha2,HBA2221,0,0
79,alpha2,HBA2221,1,0.0118231260345235
8,alpha2,HBA2221,0,0
80,alpha2,HBA2221,1,0.01743679163034
81,alpha2,HBA2221,0,0
82,alpha2,HBA2221,1,0.0102270402945388
84,alpha2,HBA2221,0,0
85,alpha2,HBA2221,1,0.0108096422008432
87,alpha2,HBA2221,0,0
90,alpha2,HBA2221,0,0
91,alpha2,HBA2221,0,0
92,alpha2,HBA2221,19,0.843694493783304
93,alpha2,HBA2221,0,0
95,alpha2,HBA2221,0,0
10,alpha2,HBA2222,1,0.026824034334764
12,alpha2,HBA2222,12,0.265310634534601
13,alpha2,HBA2222,0,0
15,alpha2,HBA2222,12,0.191357040344443
16,alpha2,HBA2222,7,0.105278989321703
17,alpha2,HBA2222,0,0
18,alpha2,HBA2222,9,0.108446800819376
19,alpha2,HBA2222,18,0.195545898967952
2,alpha2,HBA2222,1,0.0481231953801732
20,alpha2,HBA2222,4,0.0857816856101223
21,alpha2,HBA2222,0,0
23,alpha2,HBA2222,0,0
24,alpha2,HBA2222,0,0
25,alpha2,HBA2222,5,0.750750750750751
26,alpha2,HBA2222,20,0.382628658886551
27,alpha2,HBA2222,0,0
28,alpha2,HBA2222,12,0.286944045911047
29,alpha2,HBA2222,6,0.261210274270788
30,alpha2,HBA2222,0,0
31,alpha2,HBA2222,15,0.140845070422535
32,alpha2,HBA2222,6,0.190415741034592
34,alpha2,HBA2222,18,0.284225485551871
36,alpha2,HBA2222,9,0.412276683463124
37,alpha2,HBA2222,7,0.147960262101036
38,alpha2,HBA2222,2,0.611620795107034
39,alpha2,HBA2222,4,0.102643058763151
4,alpha2,HBA2222,7,0.0766787161792091
40,alpha2,HBA2222,0,0
42,alpha2,HBA2222,2,0.0659413122321134
44,alpha2,HBA2222,1,0.0640204865556978
45,alpha2,HBA2222,10,0.198491464867011
46,alpha2,HBA2222,4,0.0784159968633601
47,alpha2,HBA2222,0,0
48,alpha2,HBA2222,0,0
49,alpha2,HBA2222,0,0
5,alpha2,HBA2222,0,0
50,alpha2,HBA2222,2,0.0693962526023595
51,alpha2,HBA2222,1,0.0397614314115308
52,alpha2,HBA2222,16,0.318534740195103
53,alpha2,HBA2222,7,0.099403578528827
54,alpha2,HBA2222,10,0.463821892393321
55,alpha2,HBA2222,3,0.141643059490085
56,alpha2,HBA2222,1,0.0337268128161889
57,alpha2,HBA2222,6,1.69014084507042
58,alpha2,HBA2222,9,0.214081826831589
59,alpha2,HBA2222,0,0
6,alpha2,HBA2222,3,0.150375939849624
60,alpha2,HBA2222,13,0.358818658570246
61,alpha2,HBA2222,0,0
62,alpha2,HBA2222,14,0.356143474942763
63,alpha2,HBA2222,3,0.111898545318911
66,alpha2,HBA2222,1,0.0142612664004564
67,alpha2,HBA2222,2,0.0250878073256397
68,alpha2,HBA2222,4,0.0881639850121226
69,alpha2,HBA2222,0,0
7,alpha2,HBA2222,7,0.111518241198025
70,alpha2,HBA2222,2,0.034106412005457
71,alpha2,HBA2222,0,0
72,alpha2,HBA2222,4,0.14609203798393
73,alpha2,HBA2222,1,0.0254712175241977
74,alpha2,HBA2222,7,0.108983341117858
75,alpha2,HBA2222,9,0.0790166812993854
76,alpha2,HBA2222,5,0.0936855911560802
77,alpha2,HBA2222,3,0.182592818015825
78,alpha2,HBA2222,0,0
79,alpha2,HBA2222,12,0.141877512414282
8,alpha2,HBA2222,3,0.077639751552795
80,alpha2,HBA2222,1,0.01743679163034
81,alpha2,HBA2222,0,0
82,alpha2,HBA2222,8,0.0818163223563101
84,alpha2,HBA2222,7,0.242214532871972
85,alpha2,HBA2222,10,0.108096422008432
87,alpha2,HBA2222,0,0
90,alpha2,HBA2222,4,0.249843847595253
91,alpha2,HBA2222,4,0.0858369098712446
92,alpha2,HBA2222,1,0.044404973357016
93,alpha2,HBA2222,3,0.0658616904500549
95,alpha2,HBA2222,5,0.142816338189089
10,alpha2,HBA2223,0,0
12,alpha2,HBA2223,0,0
13,alpha2,HBA2223,0,0
15,alpha2,HBA2223,7,0.111624940200925
16,alpha2,HBA2223,0,0
17,alpha2,HBA2223,0,0
18,alpha2,HBA2223,0,0
19,alpha2,HBA2223,0,0
2,alpha2,HBA2223,0,0
20,alpha2,HBA2223,7,0.150117949817714
21,alpha2,HBA2223,0,0
23,alpha2,HBA2223,0,0
24,alpha2,HBA2223,0,0
25,alpha2,HBA2223,0,0
26,alpha2,HBA2223,0,0
27,alpha2,HBA2223,3,0.0642811227769445
28,alpha2,HBA2223,0,0
29,alpha2,HBA2223,0,0
30,alpha2,HBA2223,1,0.02710027100271
31,alpha2,HBA2223,9,0.0845070422535211
32,alpha2,HBA2223,0,0
34,alpha2,HBA2223,0,0
36,alpha2,HBA2223,0,0
37,alpha2,HBA2223,2,0.0422743606002959
38,alpha2,HBA2223,0,0
39,alpha2,HBA2223,0,0
4,alpha2,HBA2223,0,0
40,alpha2,HBA2223,0,0
42,alpha2,HBA2223,0,0
44,alpha2,HBA2223,0,0
45,alpha2,HBA2223,0,0
46,alpha2,HBA2223,0,0
47,alpha2,HBA2223,0,0
48,alpha2,HBA2223,2,0.124300807955252
49,alpha2,HBA2223,0,0
5,alpha2,HBA2223,5,0.136911281489595
50,alpha2,HBA2223,0,0
51,alpha2,HBA2223,9,0.357852882703777
52,alpha2,HBA2223,0,0
53,alpha2,HBA2223,1,0.0142005112184039
54,alpha2,HBA2223,0,0
55,alpha2,HBA2223,0,0
56,alpha2,HBA2223,2,0.0674536256323777
57,alpha2,HBA2223,0,0
58,alpha2,HBA2223,0,0
59,alpha2,HBA2223,0,0
6,alpha2,HBA2223,0,0
60,alpha2,HBA2223,0,0
61,alpha2,HBA2223,0,0
62,alpha2,HBA2223,0,0
63,alpha2,HBA2223,1,0.0372995151063036
66,alpha2,HBA2223,12,0.171135196805476
67,alpha2,HBA2223,5,0.0627195183140993
68,alpha2,HBA2223,2,0.0440819925060613
69,alpha2,HBA2223,0,0
7,alpha2,HBA2223,0,0
70,alpha2,HBA2223,0,0
71,alpha2,HBA2223,2,0.0353356890459364
72,alpha2,HBA2223,0,0
73,alpha2,HBA2223,7,0.178298522669384
74,alpha2,HBA2223,5,0.0778452436556126
75,alpha2,HBA2223,0,0
76,alpha2,HBA2223,0,0
77,alpha2,HBA2223,0,0
78,alpha2,HBA2223,2,0.0328731097961867
79,alpha2,HBA2223,0,0
8,alpha2,HBA2223,0,0
80,alpha2,HBA2223,1,0.01743679163034
81,alpha2,HBA2223,3,0.0981996726677578
82,alpha2,HBA2223,0,0
84,alpha2,HBA2223,2,0.0692041522491349
85,alpha2,HBA2223,4,0.0432385688033726
87,alpha2,HBA2223,13,0.269765511516912
90,alpha2,HBA2223,2,0.124921923797627
91,alpha2,HBA2223,7,0.150214592274678
92,alpha2,HBA2223,0,0
93,alpha2,HBA2223,3,0.0658616904500549
95,alpha2,HBA2223,0,0
10,alpha2,HBA2224,0,0
12,alpha2,HBA2224,7,0.154764536811851
13,alpha2,HBA2224,1,0.0213720880530028
15,alpha2,HBA2224,9,0.143517780258332
16,alpha2,HBA2224,17,0.255677545495563
17,alpha2,HBA2224,0,0
18,alpha2,HBA2224,0,0
19,alpha2,HBA2224,18,0.195545898967952
2,alpha2,HBA2224,6,0.288739172281039
20,alpha2,HBA2224,0,0
21,alpha2,HBA2224,8,0.454287336740488
23,alpha2,HBA2224,0,0
24,alpha2,HBA2224,0,0
25,alpha2,HBA2224,0,0
26,alpha2,HBA2224,0,0
27,alpha2,HBA2224,0,0
28,alpha2,HBA2224,0,0
29,alpha2,HBA2224,5,0.21767522855899
30,alpha2,HBA2224,16,0.433604336043361
31,alpha2,HBA2224,7,0.0657276995305164
32,alpha2,HBA2224,11,0.349095525230086
34,alpha2,HBA2224,0,0
36,alpha2,HBA2224,0,0
37,alpha2,HBA2224,0,0
38,alpha2,HBA2224,0,0
39,alpha2,HBA2224,16,0.410572235052605
4,alpha2,HBA2224,11,0.120495125424471
40,alpha2,HBA2224,0,0
42,alpha2,HBA2224,2,0.0659413122321134
44,alpha2,HBA2224,0,0
45,alpha2,HBA2224,0,0
46,alpha2,HBA2224,0,0
47,alpha2,HBA2224,10,0.310462589257994
48,alpha2,HBA2224,0,0
49,alpha2,HBA2224,0,0
5,alpha2,HBA2224,5,0.136911281489595
50,alpha2,HBA2224,5,0.173490631505899
51,alpha2,HBA2224,0,0
52,alpha2,HBA2224,0,0
53,alpha2,HBA2224,37,0.525418915080943
54,alpha2,HBA2224,0,0
55,alpha2,HBA2224,0,0
56,alpha2,HBA2224,14,0.472175379426644
57,alpha2,HBA2224,0,0
58,alpha2,HBA2224,0,0
59,alpha2,HBA2224,0,0
6,alpha2,HBA2224,0,0
60,alpha2,HBA2224,0,0
61,alpha2,HBA2224,0,0
62,alpha2,HBA2224,6,0.152632917832613
63,alpha2,HBA2224,0,0
66,alpha2,HBA2224,0,0
67,alpha2,HBA2224,0,0
68,alpha2,HBA2224,0,0
69,alpha2,HBA2224,2,0.093764650726676
7,alpha2,HBA2224,0,0
70,alpha2,HBA2224,0,0
71,alpha2,HBA2224,0,0
72,alpha2,HBA2224,0,0
73,alpha2,HBA2224,0,0
74,alpha2,HBA2224,10,0.155690487311225
75,alpha2,HBA2224,0,0
76,alpha2,HBA2224,0,0
77,alpha2,HBA2224,0,0
78,alpha2,HBA2224,0,0
79,alpha2,HBA2224,9,0.106408134310712
8,alpha2,HBA2224,0,0
80,alpha2,HBA2224,0,0
81,alpha2,HBA2224,4,0.130932896890344
82,alpha2,HBA2224,0,0
84,alpha2,HBA2224,5,0.173010380622837
85,alpha2,HBA2224,0,0
87,alpha2,HBA2224,8,0.166009545548869
90,alpha2,HBA2224,0,0
91,alpha2,HBA2224,0,0
92,alpha2,HBA2224,0,0
93,alpha2,HBA2224,0,0
95,alpha2,HBA2224,0,0
10,alpha2,HBA2225,0,0
12,alpha2,HBA2225,0,0
13,alpha2,HBA2225,0,0
15,alpha2,HBA2225,0,0
16,alpha2,HBA2225,0,0
17,alpha2,HBA2225,0,0
18,alpha2,HBA2225,0,0
19,alpha2,HBA2225,0,0
2,alpha2,HBA2225,0,0
20,alpha2,HBA2225,0,0
21,alpha2,HBA2225,0,0
23,alpha2,HBA2225,0,0
24,alpha2,HBA2225,2,0.0731261425959781
25,alpha2,HBA2225,0,0
26,alpha2,HBA2225,0,0
27,alpha2,HBA2225,0,0
28,alpha2,HBA2225,0,0
29,alpha2,HBA2225,0,0
30,alpha2,HBA2225,0,0
31,alpha2,HBA2225,0,0
32,alpha2,HBA2225,0,0
34,alpha2,HBA2225,0,0
36,alpha2,HBA2225,0,0
37,alpha2,HBA2225,0,0
38,alpha2,HBA2225,0,0
39,alpha2,HBA2225,0,0
4,alpha2,HBA2225,0,0
40,alpha2,HBA2225,0,0
42,alpha2,HBA2225,0,0
44,alpha2,HBA2225,0,0
45,alpha2,HBA2225,0,0
46,alpha2,HBA2225,2,0.0392079984316801
47,alpha2,HBA2225,0,0
48,alpha2,HBA2225,0,0
49,alpha2,HBA2225,0,0
5,alpha2,HBA2225,0,0
50,alpha2,HBA2225,0,0
51,alpha2,HBA2225,0,0
52,alpha2,HBA2225,0,0
53,alpha2,HBA2225,0,0
54,alpha2,HBA2225,0,0
55,alpha2,HBA2225,0,0
56,alpha2,HBA2225,7,0.236087689713322
57,alpha2,HBA2225,0,0
58,alpha2,HBA2225,4,0.0951474785918173
59,alpha2,HBA2225,0,0
6,alpha2,HBA2225,0,0
60,alpha2,HBA2225,0,0
61,alpha2,HBA2225,0,0
62,alpha2,HBA2225,0,0
63,alpha2,HBA2225,4,0.149198060425214
66,alpha2,HBA2225,1,0.0142612664004564
67,alpha2,HBA2225,0,0
68,alpha2,HBA2225,3,0.0661229887590919
69,alpha2,HBA2225,0,0
7,alpha2,HBA2225,11,0.175242950454039
70,alpha2,HBA2225,14,0.238744884038199
71,alpha2,HBA2225,3,0.0530035335689046
72,alpha2,HBA2225,0,0
73,alpha2,HBA2225,0,0
74,alpha2,HBA2225,0,0
75,alpha2,HBA2225,0,0
76,alpha2,HBA2225,0,0
77,alpha2,HBA2225,0,0
78,alpha2,HBA2225,2,0.0328731097961867
79,alpha2,HBA2225,0,0
8,alpha2,HBA2225,0,0
80,alpha2,HBA2225,0,0
81,alpha2,HBA2225,0,0
82,alpha2,HBA2225,0,0
84,alpha2,HBA2225,0,0
85,alpha2,HBA2225,4,0.0432385688033726
87,alpha2,HBA2225,0,0
90,alpha2,HBA2225,0,0
91,alpha2,HBA2225,0,0
92,alpha2,HBA2225,0,0
93,alpha2,HBA2225,1,0.021953896816685
95,alpha2,HBA2225,0,0
10,alpha2,HBA2226,0,0
12,alpha2,HBA2226,0,0
13,alpha2,HBA2226,0,0
15,alpha2,HBA2226,0,0
16,alpha2,HBA2226,0,0
17,alpha2,HBA2226,0,0
18,alpha2,HBA2226,0,0
19,alpha2,HBA2226,0,0
2,alpha2,HBA2226,0,0
20,alpha2,HBA2226,0,0
21,alpha2,HBA2226,0,0
23,alpha2,HBA2226,0,0
24,alpha2,HBA2226,0,0
25,alpha2,HBA2226,0,0
26,alpha2,HBA2226,0,0
27,alpha2,HBA2226,0,0
28,alpha2,HBA2226,57,1.36298421807748
29,alpha2,HBA2226,0,0
30,alpha2,HBA2226,0,0
31,alpha2,HBA2226,0,0
32,alpha2,HBA2226,0,0
34,alpha2,HBA2226,0,0
36,alpha2,HBA2226,0,0
37,alpha2,HBA2226,0,0
38,alpha2,HBA2226,0,0
39,alpha2,HBA2226,0,0
4,alpha2,HBA2226,0,0
40,alpha2,HBA2226,0,0
42,alpha2,HBA2226,0,0
44,alpha2,HBA2226,0,0
45,alpha2,HBA2226,0,0
46,alpha2,HBA2226,0,0
47,alpha2,HBA2226,0,0
48,alpha2,HBA2226,0,0
49,alpha2,HBA2226,0,0
5,alpha2,HBA2226,0,0
50,alpha2,HBA2226,0,0
51,alpha2,HBA2226,0,0
52,alpha2,HBA2226,0,0
53,alpha2,HBA2226,0,0
54,alpha2,HBA2226,0,0
55,alpha2,HBA2226,0,0
56,alpha2,HBA2226,0,0
57,alpha2,HBA2226,0,0
58,alpha2,HBA2226,0,0
59,alpha2,HBA2226,0,0
6,alpha2,HBA2226,0,0
60,alpha2,HBA2226,0,0
61,alpha2,HBA2226,0,0
62,alpha2,HBA2226,0,0
63,alpha2,HBA2226,0,0
66,alpha2,HBA2226,0,0
67,alpha2,HBA2226,0,0
68,alpha2,HBA2226,0,0
69,alpha2,HBA2226,0,0
7,alpha2,HBA2226,0,0
70,alpha2,HBA2226,0,0
71,alpha2,HBA2226,0,0
72,alpha2,HBA2226,0,0
73,alpha2,HBA2226,0,0
74,alpha2,HBA2226,0,0
75,alpha2,HBA2226,0,0
76,alpha2,HBA2226,0,0
77,alpha2,HBA2226,0,0
78,alpha2,HBA2226,0,0
79,alpha2,HBA2226,0,0
8,alpha2,HBA2226,0,0
80,alpha2,HBA2226,0,0
81,alpha2,HBA2226,0,0
82,alpha2,HBA2226,0,0
84,alpha2,HBA2226,0,0
85,alpha2,HBA2226,0,0
87,alpha2,HBA2226,0,0
90,alpha2,HBA2226,0,0
91,alpha2,HBA2226,0,0
92,alpha2,HBA2226,0,0
93,alpha2,HBA2226,0,0
95,alpha2,HBA2226,0,0
10,alpha2,HBA2227,0,0
12,alpha2,HBA2227,1,0.0221092195445501
13,alpha2,HBA2227,0,0
15,alpha2,HBA2227,0,0
16,alpha2,HBA2227,0,0
17,alpha2,HBA2227,1,0.10351966873706
18,alpha2,HBA2227,0,0
19,alpha2,HBA2227,0,0
2,alpha2,HBA2227,0,0
20,alpha2,HBA2227,0,0
21,alpha2,HBA2227,0,0
23,alpha2,HBA2227,1,0.00972573429293912
24,alpha2,HBA2227,0,0
25,alpha2,HBA2227,0,0
26,alpha2,HBA2227,0,0
27,alpha2,HBA2227,4,0.0857081637025927
28,alpha2,HBA2227,0,0
29,alpha2,HBA2227,0,0
30,alpha2,HBA2227,0,0
31,alpha2,HBA2227,0,0
32,alpha2,HBA2227,0,0
34,alpha2,HBA2227,0,0
36,alpha2,HBA2227,0,0
37,alpha2,HBA2227,2,0.0422743606002959
38,alpha2,HBA2227,0,0
39,alpha2,HBA2227,0,0
4,alpha2,HBA2227,0,0
40,alpha2,HBA2227,0,0
42,alpha2,HBA2227,0,0
44,alpha2,HBA2227,0,0
45,alpha2,HBA2227,6,0.119094878920206
46,alpha2,HBA2227,0,0
47,alpha2,HBA2227,0,0
48,alpha2,HBA2227,0,0
49,alpha2,HBA2227,0,0
5,alpha2,HBA2227,0,0
50,alpha2,HBA2227,0,0
51,alpha2,HBA2227,0,0
52,alpha2,HBA2227,0,0
53,alpha2,HBA2227,0,0
54,alpha2,HBA2227,0,0
55,alpha2,HBA2227,0,0
56,alpha2,HBA2227,0,0
57,alpha2,HBA2227,0,0
58,alpha2,HBA2227,0,0
59,alpha2,HBA2227,0,0
6,alpha2,HBA2227,0,0
60,alpha2,HBA2227,0,0
61,alpha2,HBA2227,0,0
62,alpha2,HBA2227,0,0
63,alpha2,HBA2227,3,0.111898545318911
66,alpha2,HBA2227,0,0
67,alpha2,HBA2227,2,0.0250878073256397
68,alpha2,HBA2227,0,0
69,alpha2,HBA2227,0,0
7,alpha2,HBA2227,0,0
70,alpha2,HBA2227,1,0.0170532060027285
71,alpha2,HBA2227,0,0
72,alpha2,HBA2227,3,0.109569028487947
73,alpha2,HBA2227,0,0
74,alpha2,HBA2227,0,0
75,alpha2,HBA2227,0,0
76,alpha2,HBA2227,0,0
77,alpha2,HBA2227,1,0.0608642726719416
78,alpha2,HBA2227,0,0
79,alpha2,HBA2227,1,0.0118231260345235
8,alpha2,HBA2227,0,0
80,alpha2,HBA2227,0,0
81,alpha2,HBA2227,0,0
82,alpha2,HBA2227,17,0.173859685007159
84,alpha2,HBA2227,0,0
85,alpha2,HBA2227,0,0
87,alpha2,HBA2227,0,0
90,alpha2,HBA2227,0,0
91,alpha2,HBA2227,4,0.0858369098712446
92,alpha2,HBA2227,1,0.044404973357016
93,alpha2,HBA2227,3,0.0658616904500549
95,alpha2,HBA2227,0,0
10,alpha2,HBA2228,0,0
12,alpha2,HBA2228,1,0.0221092195445501
13,alpha2,HBA2228,0,0
15,alpha2,HBA2228,0,0
16,alpha2,HBA2228,0,0
17,alpha2,HBA2228,0,0
18,alpha2,HBA2228,0,0
19,alpha2,HBA2228,7,0.0760456273764259
2,alpha2,HBA2228,0,0
20,alpha2,HBA2228,0,0
21,alpha2,HBA2228,0,0
23,alpha2,HBA2228,0,0
24,alpha2,HBA2228,0,0
25,alpha2,HBA2228,0,0
26,alpha2,HBA2228,37,0.707863018940119
27,alpha2,HBA2228,1,0.0214270409256482
28,alpha2,HBA2228,0,0
29,alpha2,HBA2228,0,0
30,alpha2,HBA2228,0,0
31,alpha2,HBA2228,0,0
32,alpha2,HBA2228,3,0.0952078705172961
34,alpha2,HBA2228,0,0
36,alpha2,HBA2228,0,0
37,alpha2,HBA2228,0,0
38,alpha2,HBA2228,0,0
39,alpha2,HBA2228,0,0
4,alpha2,HBA2228,3,0.0328623069339468
40,alpha2,HBA2228,0,0
42,alpha2,HBA2228,0,0
44,alpha2,HBA2228,0,0
45,alpha2,HBA2228,0,0
46,alpha2,HBA2228,0,0
47,alpha2,HBA2228,0,0
48,alpha2,HBA2228,0,0
49,alpha2,HBA2228,0,0
5,alpha2,HBA2228,0,0
50,alpha2,HBA2228,0,0
51,alpha2,HBA2228,0,0
52,alpha2,HBA2228,0,0
53,alpha2,HBA2228,0,0
54,alpha2,HBA2228,0,0
55,alpha2,HBA2228,0,0
56,alpha2,HBA2228,0,0
57,alpha2,HBA2228,0,0
58,alpha2,HBA2228,0,0
59,alpha2,HBA2228,0,0
6,alpha2,HBA2228,0,0
60,alpha2,HBA2228,0,0
61,alpha2,HBA2228,1,0.0212539851222104
62,alpha2,HBA2228,2,0.0508776392775375
63,alpha2,HBA2228,0,0
66,alpha2,HBA2228,0,0
67,alpha2,HBA2228,0,0
68,alpha2,HBA2228,0,0
69,alpha2,HBA2228,0,0
7,alpha2,HBA2228,0,0
70,alpha2,HBA2228,0,0
71,alpha2,HBA2228,0,0
72,alpha2,HBA2228,0,0
73,alpha2,HBA2228,0,0
74,alpha2,HBA2228,0,0
75,alpha2,HBA2228,9,0.0790166812993854
76,alpha2,HBA2228,0,0
77,alpha2,HBA2228,0,0
78,alpha2,HBA2228,0,0
79,alpha2,HBA2228,1,0.0118231260345235
8,alpha2,HBA2228,1,0.025879917184265
80,alpha2,HBA2228,1,0.01743679163034
81,alpha2,HBA2228,0,0
82,alpha2,HBA2228,31,0.317038249130702
84,alpha2,HBA2228,0,0
85,alpha2,HBA2228,6,0.0648578532050589
87,alpha2,HBA2228,0,0
90,alpha2,HBA2228,0,0
91,alpha2,HBA2228,0,0
92,alpha2,HBA2228,0,0
93,alpha2,HBA2228,0,0
95,alpha2,HBA2228,0,0
10,alpha2,HBA2229,4,0.107296137339056
12,alpha2,HBA2229,0,0
13,alpha2,HBA2229,0,0
15,alpha2,HBA2229,0,0
16,alpha2,HBA2229,0,0
17,alpha2,HBA2229,0,0
18,alpha2,HBA2229,0,0
19,alpha2,HBA2229,0,0
2,alpha2,HBA2229,0,0
20,alpha2,HBA2229,0,0
21,alpha2,HBA2229,0,0
23,alpha2,HBA2229,25,0.243143357323478
24,alpha2,HBA2229,0,0
25,alpha2,HBA2229,0,0
26,alpha2,HBA2229,0,0
27,alpha2,HBA2229,2,0.0428540818512963
28,alpha2,HBA2229,0,0
29,alpha2,HBA2229,0,0
30,alpha2,HBA2229,0,0
31,alpha2,HBA2229,5,0.0469483568075117
32,alpha2,HBA2229,0,0
34,alpha2,HBA2229,0,0
36,alpha2,HBA2229,0,0
37,alpha2,HBA2229,1,0.021137180300148
38,alpha2,HBA2229,0,0
39,alpha2,HBA2229,0,0
4,alpha2,HBA2229,0,0
40,alpha2,HBA2229,0,0
42,alpha2,HBA2229,0,0
44,alpha2,HBA2229,0,0
45,alpha2,HBA2229,0,0
46,alpha2,HBA2229,0,0
47,alpha2,HBA2229,0,0
48,alpha2,HBA2229,6,0.372902423865755
49,alpha2,HBA2229,0,0
5,alpha2,HBA2229,0,0
50,alpha2,HBA2229,0,0
51,alpha2,HBA2229,3,0.119284294234592
52,alpha2,HBA2229,0,0
53,alpha2,HBA2229,0,0
54,alpha2,HBA2229,0,0
55,alpha2,HBA2229,0,0
56,alpha2,HBA2229,0,0
57,alpha2,HBA2229,0,0
58,alpha2,HBA2229,0,0
59,alpha2,HBA2229,0,0
6,alpha2,HBA2229,0,0
60,alpha2,HBA2229,0,0
61,alpha2,HBA2229,0,0
62,alpha2,HBA2229,0,0
63,alpha2,HBA2229,0,0
66,alpha2,HBA2229,6,0.0855675984027382
67,alpha2,HBA2229,17,0.213246362267938
68,alpha2,HBA2229,0,0
69,alpha2,HBA2229,3,0.140646976090014
7,alpha2,HBA2229,0,0
70,alpha2,HBA2229,0,0
71,alpha2,HBA2229,2,0.0353356890459364
72,alpha2,HBA2229,0,0
73,alpha2,HBA2229,3,0.076413652572593
74,alpha2,HBA2229,5,0.0778452436556126
75,alpha2,HBA2229,0,0
76,alpha2,HBA2229,0,0
77,alpha2,HBA2229,0,0
78,alpha2,HBA2229,0,0
79,alpha2,HBA2229,0,0
8,alpha2,HBA2229,0,0
80,alpha2,HBA2229,0,0
81,alpha2,HBA2229,0,0
82,alpha2,HBA2229,0,0
84,alpha2,HBA2229,0,0
85,alpha2,HBA2229,0,0
87,alpha2,HBA2229,6,0.124507159161652
90,alpha2,HBA2229,1,0.0624609618988133
91,alpha2,HBA2229,0,0
92,alpha2,HBA2229,0,0
93,alpha2,HBA2229,0,0
95,alpha2,HBA2229,0,0
10,alpha2,HBA2230,0,0
12,alpha2,HBA2230,0,0
13,alpha2,HBA2230,0,0
15,alpha2,HBA2230,0,0
16,alpha2,HBA2230,0,0
17,alpha2,HBA2230,0,0
18,alpha2,HBA2230,0,0
19,alpha2,HBA2230,0,0
2,alpha2,HBA2230,0,0
20,alpha2,HBA2230,0,0
21,alpha2,HBA2230,0,0
23,alpha2,HBA2230,0,0
24,alpha2,HBA2230,0,0
25,alpha2,HBA2230,0,0
26,alpha2,HBA2230,0,0
27,alpha2,HBA2230,0,0
28,alpha2,HBA2230,0,0
29,alpha2,HBA2230,0,0
30,alpha2,HBA2230,0,0
31,alpha2,HBA2230,40,0.375586854460094
32,alpha2,HBA2230,0,0
34,alpha2,HBA2230,0,0
36,alpha2,HBA2230,0,0
37,alpha2,HBA2230,0,0
38,alpha2,HBA2230,0,0
39,alpha2,HBA2230,0,0
4,alpha2,HBA2230,0,0
40,alpha2,HBA2230,0,0
42,alpha2,HBA2230,0,0
44,alpha2,HBA2230,0,0
45,alpha2,HBA2230,0,0
46,alpha2,HBA2230,0,0
47,alpha2,HBA2230,0,0
48,alpha2,HBA2230,0,0
49,alpha2,HBA2230,0,0
5,alpha2,HBA2230,0,0
50,alpha2,HBA2230,0,0
51,alpha2,HBA2230,0,0
52,alpha2,HBA2230,0,0
53,alpha2,HBA2230,0,0
54,alpha2,HBA2230,0,0
55,alpha2,HBA2230,0,0
56,alpha2,HBA2230,0,0
57,alpha2,HBA2230,0,0
58,alpha2,HBA2230,0,0
59,alpha2,HBA2230,0,0
6,alpha2,HBA2230,0,0
60,alpha2,HBA2230,0,0
61,alpha2,HBA2230,0,0
62,alpha2,HBA2230,0,0
63,alpha2,HBA2230,0,0
66,alpha2,HBA2230,0,0
67,alpha2,HBA2230,0,0
68,alpha2,HBA2230,0,0
69,alpha2,HBA2230,0,0
7,alpha2,HBA2230,0,0
70,alpha2,HBA2230,0,0
71,alpha2,HBA2230,0,0
72,alpha2,HBA2230,0,0
73,alpha2,HBA2230,0,0
74,alpha2,HBA2230,0,0
75,alpha2,HBA2230,0,0
76,alpha2,HBA2230,0,0
77,alpha2,HBA2230,0,0
78,alpha2,HBA2230,0,0
79,alpha2,HBA2230,0,0
8,alpha2,HBA2230,0,0
80,alpha2,HBA2230,0,0
81,alpha2,HBA2230,0,0
82,alpha2,HBA2230,0,0
84,alpha2,HBA2230,0,0
85,alpha2,HBA2230,0,0
87,alpha2,HBA2230,0,0
90,alpha2,HBA2230,0,0
91,alpha2,HBA2230,0,0
92,alpha2,HBA2230,0,0
93,alpha2,HBA2230,0,0
95,alpha2,HBA2230,0,0
10,alpha2,HBA2231,0,0
12,alpha2,HBA2231,0,0
13,alpha2,HBA2231,0,0
15,alpha2,HBA2231,0,0
16,alpha2,HBA2231,0,0
17,alpha2,HBA2231,0,0
18,alpha2,HBA2231,0,0
19,alpha2,HBA2231,0,0
2,alpha2,HBA2231,0,0
20,alpha2,HBA2231,0,0
21,alpha2,HBA2231,0,0
23,alpha2,HBA2231,0,0
24,alpha2,HBA2231,0,0
25,alpha2,HBA2231,0,0
26,alpha2,HBA2231,0,0
27,alpha2,HBA2231,0,0
28,alpha2,HBA2231,0,0
29,alpha2,HBA2231,0,0
30,alpha2,HBA2231,0,0
31,alpha2,HBA2231,0,0
32,alpha2,HBA2231,0,0
34,alpha2,HBA2231,1,0.0157903047528817
36,alpha2,HBA2231,0,0
37,alpha2,HBA2231,0,0
38,alpha2,HBA2231,0,0
39,alpha2,HBA2231,0,0
4,alpha2,HBA2231,0,0
40,alpha2,HBA2231,0,0
42,alpha2,HBA2231,0,0
44,alpha2,HBA2231,1,0.0640204865556978
45,alpha2,HBA2231,0,0
46,alpha2,HBA2231,0,0
47,alpha2,HBA2231,0,0
48,alpha2,HBA2231,0,0
49,alpha2,HBA2231,0,0
5,alpha2,HBA2231,0,0
50,alpha2,HBA2231,0,0
51,alpha2,HBA2231,0,0
52,alpha2,HBA2231,0,0
53,alpha2,HBA2231,0,0
54,alpha2,HBA2231,0,0
55,alpha2,HBA2231,0,0
56,alpha2,HBA2231,0,0
57,alpha2,HBA2231,0,0
58,alpha2,HBA2231,0,0
59,alpha2,HBA2231,0,0
6,alpha2,HBA2231,1,0.050125313283208
60,alpha2,HBA2231,0,0
61,alpha2,HBA2231,0,0
62,alpha2,HBA2231,0,0
63,alpha2,HBA2231,0,0
66,alpha2,HBA2231,0,0
67,alpha2,HBA2231,0,0
68,alpha2,HBA2231,0,0
69,alpha2,HBA2231,0,0
7,alpha2,HBA2231,0,0
70,alpha2,HBA2231,0,0
71,alpha2,HBA2231,0,0
72,alpha2,HBA2231,0,0
73,alpha2,HBA2231,0,0
74,alpha2,HBA2231,0,0
75,alpha2,HBA2231,0,0
76,alpha2,HBA2231,0,0
77,alpha2,HBA2231,0,0
78,alpha2,HBA2231,0,0
79,alpha2,HBA2231,0,0
8,alpha2,HBA2231,0,0
80,alpha2,HBA2231,18,0.31386224934612
81,alpha2,HBA2231,0,0
82,alpha2,HBA2231,1,0.0102270402945388
84,alpha2,HBA2231,0,0
85,alpha2,HBA2231,0,0
87,alpha2,HBA2231,0,0
90,alpha2,HBA2231,0,0
91,alpha2,HBA2231,0,0
92,alpha2,HBA2231,0,0
93,alpha2,HBA2231,0,0
95,alpha2,HBA2231,2,0.0571265352756355
10,alpha2,HBA2232,1,0.026824034334764
12,alpha2,HBA2232,0,0
13,alpha2,HBA2232,0,0
15,alpha2,HBA2232,4,0.0637856801148142
16,alpha2,HBA2232,0,0
17,alpha2,HBA2232,0,0
18,alpha2,HBA2232,0,0
19,alpha2,HBA2232,0,0
2,alpha2,HBA2232,0,0
20,alpha2,HBA2232,0,0
21,alpha2,HBA2232,0,0
23,alpha2,HBA2232,0,0
24,alpha2,HBA2232,1,0.036563071297989
25,alpha2,HBA2232,0,0
26,alpha2,HBA2232,0,0
27,alpha2,HBA2232,0,0
28,alpha2,HBA2232,0,0
29,alpha2,HBA2232,0,0
30,alpha2,HBA2232,0,0
31,alpha2,HBA2232,0,0
32,alpha2,HBA2232,0,0
34,alpha2,HBA2232,0,0
36,alpha2,HBA2232,0,0
37,alpha2,HBA2232,0,0
38,alpha2,HBA2232,0,0
39,alpha2,HBA2232,0,0
4,alpha2,HBA2232,0,0
40,alpha2,HBA2232,0,0
42,alpha2,HBA2232,0,0
44,alpha2,HBA2232,0,0
45,alpha2,HBA2232,1,0.0198491464867011
46,alpha2,HBA2232,0,0
47,alpha2,HBA2232,0,0
48,alpha2,HBA2232,0,0
49,alpha2,HBA2232,0,0
5,alpha2,HBA2232,0,0
50,alpha2,HBA2232,0,0
51,alpha2,HBA2232,11,0.437375745526839
52,alpha2,HBA2232,0,0
53,alpha2,HBA2232,0,0
54,alpha2,HBA2232,0,0
55,alpha2,HBA2232,0,0
56,alpha2,HBA2232,0,0
57,alpha2,HBA2232,0,0
58,alpha2,HBA2232,0,0
59,alpha2,HBA2232,0,0
6,alpha2,HBA2232,0,0
60,alpha2,HBA2232,0,0
61,alpha2,HBA2232,0,0
62,alpha2,HBA2232,0,0
63,alpha2,HBA2232,0,0
66,alpha2,HBA2232,0,0
67,alpha2,HBA2232,1,0.0125439036628199
68,alpha2,HBA2232,0,0
69,alpha2,HBA2232,0,0
7,alpha2,HBA2232,0,0
70,alpha2,HBA2232,1,0.0170532060027285
71,alpha2,HBA2232,0,0
72,alpha2,HBA2232,1,0.0365230094959825
73,alpha2,HBA2232,0,0
74,alpha2,HBA2232,0,0
75,alpha2,HBA2232,0,0
76,alpha2,HBA2232,0,0
77,alpha2,HBA2232,0,0
78,alpha2,HBA2232,0,0
79,alpha2,HBA2232,0,0
8,alpha2,HBA2232,0,0
80,alpha2,HBA2232,0,0
81,alpha2,HBA2232,0,0
82,alpha2,HBA2232,0,0
84,alpha2,HBA2232,0,0
85,alpha2,HBA2232,0,0
87,alpha2,HBA2232,0,0
90,alpha2,HBA2232,0,0
91,alpha2,HBA2232,0,0
92,alpha2,HBA2232,0,0
93,alpha2,HBA2232,0,0
95,alpha2,HBA2232,0,0
10,alpha2,HBA2233,12,0.321888412017167
12,alpha2,HBA2233,0,0
13,alpha2,HBA2233,0,0
15,alpha2,HBA2233,0,0
16,alpha2,HBA2233,0,0
17,alpha2,HBA2233,0,0
18,alpha2,HBA2233,0,0
19,alpha2,HBA2233,0,0
2,alpha2,HBA2233,0,0
20,alpha2,HBA2233,0,0
21,alpha2,HBA2233,0,0
23,alpha2,HBA2233,0,0
24,alpha2,HBA2233,0,0
25,alpha2,HBA2233,0,0
26,alpha2,HBA2233,0,0
27,alpha2,HBA2233,0,0
28,alpha2,HBA2233,0,0
29,alpha2,HBA2233,0,0
30,alpha2,HBA2233,0,0
31,alpha2,HBA2233,0,0
32,alpha2,HBA2233,0,0
34,alpha2,HBA2233,0,0
36,alpha2,HBA2233,0,0
37,alpha2,HBA2233,0,0
38,alpha2,HBA2233,0,0
39,alpha2,HBA2233,0,0
4,alpha2,HBA2233,0,0
40,alpha2,HBA2233,0,0
42,alpha2,HBA2233,0,0
44,alpha2,HBA2233,0,0
45,alpha2,HBA2233,0,0
46,alpha2,HBA2233,0,0
47,alpha2,HBA2233,0,0
48,alpha2,HBA2233,0,0
49,alpha2,HBA2233,0,0
5,alpha2,HBA2233,0,0
50,alpha2,HBA2233,0,0
51,alpha2,HBA2233,0,0
52,alpha2,HBA2233,0,0
53,alpha2,HBA2233,0,0
54,alpha2,HBA2233,0,0
55,alpha2,HBA2233,0,0
56,alpha2,HBA2233,0,0
57,alpha2,HBA2233,0,0
58,alpha2,HBA2233,0,0
59,alpha2,HBA2233,0,0
6,alpha2,HBA2233,0,0
60,alpha2,HBA2233,0,0
61,alpha2,HBA2233,0,0
62,alpha2,HBA2233,0,0
63,alpha2,HBA2233,0,0
66,alpha2,HBA2233,0,0
67,alpha2,HBA2233,0,0
68,alpha2,HBA2233,0,0
69,alpha2,HBA2233,0,0
7,alpha2,HBA2233,0,0
70,alpha2,HBA2233,0,0
71,alpha2,HBA2233,0,0
72,alpha2,HBA2233,0,0
73,alpha2,HBA2233,0,0
74,alpha2,HBA2233,0,0
75,alpha2,HBA2233,0,0
76,alpha2,HBA2233,0,0
77,alpha2,HBA2233,0,0
78,alpha2,HBA2233,0,0
79,alpha2,HBA2233,0,0
8,alpha2,HBA2233,0,0
80,alpha2,HBA2233,0,0
81,alpha2,HBA2233,0,0
82,alpha2,HBA2233,0,0
84,alpha2,HBA2233,0,0
85,alpha2,HBA2233,0,0
87,alpha2,HBA2233,0,0
90,alpha2,HBA2233,0,0
91,alpha2,HBA2233,0,0
92,alpha2,HBA2233,0,0
93,alpha2,HBA2233,0,0
95,alpha2,HBA2233,0,0
10,alpha2,HBA2234,0,0
12,alpha2,HBA2234,0,0
13,alpha2,HBA2234,0,0
15,alpha2,HBA2234,0,0
16,alpha2,HBA2234,0,0
17,alpha2,HBA2234,0,0
18,alpha2,HBA2234,0,0
19,alpha2,HBA2234,0,0
2,alpha2,HBA2234,0,0
20,alpha2,HBA2234,0,0
21,alpha2,HBA2234,0,0
23,alpha2,HBA2234,0,0
24,alpha2,HBA2234,0,0
25,alpha2,HBA2234,0,0
26,alpha2,HBA2234,0,0
27,alpha2,HBA2234,0,0
28,alpha2,HBA2234,11,0.263032042085127
29,alpha2,HBA2234,0,0
30,alpha2,HBA2234,0,0
31,alpha2,HBA2234,0,0
32,alpha2,HBA2234,0,0
34,alpha2,HBA2234,0,0
36,alpha2,HBA2234,0,0
37,alpha2,HBA2234,0,0
38,alpha2,HBA2234,0,0
39,alpha2,HBA2234,0,0
4,alpha2,HBA2234,0,0
40,alpha2,HBA2234,0,0
42,alpha2,HBA2234,0,0
44,alpha2,HBA2234,0,0
45,alpha2,HBA2234,0,0
46,alpha2,HBA2234,0,0
47,alpha2,HBA2234,0,0
48,alpha2,HBA2234,0,0
49,alpha2,HBA2234,0,0
5,alpha2,HBA2234,0,0
50,alpha2,HBA2234,0,0
51,alpha2,HBA2234,0,0
52,alpha2,HBA2234,0,0
53,alpha2,HBA2234,0,0
54,alpha2,HBA2234,0,0
55,alpha2,HBA2234,0,0
56,alpha2,HBA2234,0,0
57,alpha2,HBA2234,0,0
58,alpha2,HBA2234,0,0
59,alpha2,HBA2234,0,0
6,alpha2,HBA2234,0,0
60,alpha2,HBA2234,0,0
61,alpha2,HBA2234,0,0
62,alpha2,HBA2234,0,0
63,alpha2,HBA2234,0,0
66,alpha2,HBA2234,0,0
67,alpha2,HBA2234,0,0
68,alpha2,HBA2234,0,0
69,alpha2,HBA2234,0,0
7,alpha2,HBA2234,0,0
70,alpha2,HBA2234,0,0
71,alpha2,HBA2234,0,0
72,alpha2,HBA2234,0,0
73,alpha2,HBA2234,0,0
74,alpha2,HBA2234,0,0
75,alpha2,HBA2234,1,0.00877963125548727
76,alpha2,HBA2234,0,0
77,alpha2,HBA2234,0,0
78,alpha2,HBA2234,0,0
79,alpha2,HBA2234,0,0
8,alpha2,HBA2234,0,0
80,alpha2,HBA2234,0,0
81,alpha2,HBA2234,0,0
82,alpha2,HBA2234,0,0
84,alpha2,HBA2234,0,0
85,alpha2,HBA2234,0,0
87,alpha2,HBA2234,0,0
90,alpha2,HBA2234,0,0
91,alpha2,HBA2234,0,0
92,alpha2,HBA2234,0,0
93,alpha2,HBA2234,0,0
95,alpha2,HBA2234,0,0
10,alpha2,HBA2235,0,0
12,alpha2,HBA2235,0,0
13,alpha2,HBA2235,0,0
15,alpha2,HBA2235,0,0
16,alpha2,HBA2235,11,0.165438411791247
17,alpha2,HBA2235,0,0
18,alpha2,HBA2235,0,0
19,alpha2,HBA2235,0,0
2,alpha2,HBA2235,0,0
20,alpha2,HBA2235,0,0
21,alpha2,HBA2235,0,0
23,alpha2,HBA2235,0,0
24,alpha2,HBA2235,0,0
25,alpha2,HBA2235,0,0
26,alpha2,HBA2235,0,0
27,alpha2,HBA2235,0,0
28,alpha2,HBA2235,0,0
29,alpha2,HBA2235,0,0
30,alpha2,HBA2235,0,0
31,alpha2,HBA2235,0,0
32,alpha2,HBA2235,0,0
34,alpha2,HBA2235,0,0
36,alpha2,HBA2235,0,0
37,alpha2,HBA2235,0,0
38,alpha2,HBA2235,0,0
39,alpha2,HBA2235,0,0
4,alpha2,HBA2235,0,0
40,alpha2,HBA2235,0,0
42,alpha2,HBA2235,0,0
44,alpha2,HBA2235,0,0
45,alpha2,HBA2235,0,0
46,alpha2,HBA2235,0,0
47,alpha2,HBA2235,0,0
48,alpha2,HBA2235,0,0
49,alpha2,HBA2235,0,0
5,alpha2,HBA2235,0,0
50,alpha2,HBA2235,0,0
51,alpha2,HBA2235,0,0
52,alpha2,HBA2235,0,0
53,alpha2,HBA2235,0,0
54,alpha2,HBA2235,0,0
55,alpha2,HBA2235,0,0
56,alpha2,HBA2235,0,0
57,alpha2,HBA2235,0,0
58,alpha2,HBA2235,0,0
59,alpha2,HBA2235,0,0
6,alpha2,HBA2235,0,0
60,alpha2,HBA2235,0,0
61,alpha2,HBA2235,0,0
62,alpha2,HBA2235,0,0
63,alpha2,HBA2235,0,0
66,alpha2,HBA2235,0,0
67,alpha2,HBA2235,0,0
68,alpha2,HBA2235,0,0
69,alpha2,HBA2235,0,0
7,alpha2,HBA2235,0,0
70,alpha2,HBA2235,0,0
71,alpha2,HBA2235,0,0
72,alpha2,HBA2235,0,0
73,alpha2,HBA2235,0,0
74,alpha2,HBA2235,0,0
75,alpha2,HBA2235,0,0
76,alpha2,HBA2235,0,0
77,alpha2,HBA2235,0,0
78,alpha2,HBA2235,0,0
79,alpha2,HBA2235,0,0
8,alpha2,HBA2235,0,0
80,alpha2,HBA2235,0,0
81,alpha2,HBA2235,0,0
82,alpha2,HBA2235,0,0
84,alpha2,HBA2235,0,0
85,alpha2,HBA2235,0,0
87,alpha2,HBA2235,0,0
90,alpha2,HBA2235,0,0
91,alpha2,HBA2235,0,0
92,alpha2,HBA2235,0,0
93,alpha2,HBA2235,0,0
95,alpha2,HBA2235,0,0
10,alpha2,HBA2236,0,0
12,alpha2,HBA2236,0,0
13,alpha2,HBA2236,0,0
15,alpha2,HBA2236,0,0
16,alpha2,HBA2236,0,0
17,alpha2,HBA2236,0,0
18,alpha2,HBA2236,0,0
19,alpha2,HBA2236,0,0
2,alpha2,HBA2236,0,0
20,alpha2,HBA2236,0,0
21,alpha2,HBA2236,0,0
23,alpha2,HBA2236,0,0
24,alpha2,HBA2236,0,0
25,alpha2,HBA2236,0,0
26,alpha2,HBA2236,0,0
27,alpha2,HBA2236,0,0
28,alpha2,HBA2236,1,0.0239120038259206
29,alpha2,HBA2236,0,0
30,alpha2,HBA2236,0,0
31,alpha2,HBA2236,0,0
32,alpha2,HBA2236,0,0
34,alpha2,HBA2236,0,0
36,alpha2,HBA2236,0,0
37,alpha2,HBA2236,0,0
38,alpha2,HBA2236,0,0
39,alpha2,HBA2236,0,0
4,alpha2,HBA2236,0,0
40,alpha2,HBA2236,0,0
42,alpha2,HBA2236,0,0
44,alpha2,HBA2236,0,0
45,alpha2,HBA2236,0,0
46,alpha2,HBA2236,0,0
47,alpha2,HBA2236,0,0
48,alpha2,HBA2236,0,0
49,alpha2,HBA2236,0,0
5,alpha2,HBA2236,0,0
50,alpha2,HBA2236,0,0
51,alpha2,HBA2236,0,0
52,alpha2,HBA2236,0,0
53,alpha2,HBA2236,0,0
54,alpha2,HBA2236,0,0
55,alpha2,HBA2236,0,0
56,alpha2,HBA2236,0,0
57,alpha2,HBA2236,0,0
58,alpha2,HBA2236,0,0
59,alpha2,HBA2236,0,0
6,alpha2,HBA2236,0,0
60,alpha2,HBA2236,0,0
61,alpha2,HBA2236,0,0
62,alpha2,HBA2236,0,0
63,alpha2,HBA2236,0,0
66,alpha2,HBA2236,0,0
67,alpha2,HBA2236,0,0
68,alpha2,HBA2236,0,0
69,alpha2,HBA2236,0,0
7,alpha2,HBA2236,0,0
70,alpha2,HBA2236,0,0
71,alpha2,HBA2236,0,0
72,alpha2,HBA2236,0,0
73,alpha2,HBA2236,0,0
74,alpha2,HBA2236,0,0
75,alpha2,HBA2236,0,0
76,alpha2,HBA2236,0,0
77,alpha2,HBA2236,0,0
78,alpha2,HBA2236,0,0
79,alpha2,HBA2236,0,0
8,alpha2,HBA2236,0,0
80,alpha2,HBA2236,0,0
81,alpha2,HBA2236,0,0
82,alpha2,HBA2236,0,0
84,alpha2,HBA2236,0,0
85,alpha2,HBA2236,0,0
87,alpha2,HBA2236,0,0
90,alpha2,HBA2236,0,0
91,alpha2,HBA2236,0,0
92,alpha2,HBA2236,0,0
93,alpha2,HBA2236,0,0
95,alpha2,HBA2236,0,0
10,alpha2,HBA2237,0,0
12,alpha2,HBA2237,0,0
13,alpha2,HBA2237,0,0
15,alpha2,HBA2237,1,0.0159464200287036
16,alpha2,HBA2237,0,0
17,alpha2,HBA2237,0,0
18,alpha2,HBA2237,0,0
19,alpha2,HBA2237,0,0
2,alpha2,HBA2237,0,0
20,alpha2,HBA2237,0,0
21,alpha2,HBA2237,0,0
23,alpha2,HBA2237,0,0
24,alpha2,HBA2237,0,0
25,alpha2,HBA2237,0,0
26,alpha2,HBA2237,0,0
27,alpha2,HBA2237,0,0
28,alpha2,HBA2237,0,0
29,alpha2,HBA2237,0,0
30,alpha2,HBA2237,0,0
31,alpha2,HBA2237,1,0.00938967136150235
32,alpha2,HBA2237,0,0
34,alpha2,HBA2237,0,0
36,alpha2,HBA2237,0,0
37,alpha2,HBA2237,0,0
38,alpha2,HBA2237,0,0
39,alpha2,HBA2237,0,0
4,alpha2,HBA2237,0,0
40,alpha2,HBA2237,0,0
42,alpha2,HBA2237,0,0
44,alpha2,HBA2237,0,0
45,alpha2,HBA2237,0,0
46,alpha2,HBA2237,0,0
47,alpha2,HBA2237,0,0
48,alpha2,HBA2237,0,0
49,alpha2,HBA2237,0,0
5,alpha2,HBA2237,0,0
50,alpha2,HBA2237,0,0
51,alpha2,HBA2237,0,0
52,alpha2,HBA2237,0,0
53,alpha2,HBA2237,0,0
54,alpha2,HBA2237,0,0
55,alpha2,HBA2237,0,0
56,alpha2,HBA2237,0,0
57,alpha2,HBA2237,0,0
58,alpha2,HBA2237,0,0
59,alpha2,HBA2237,0,0
6,alpha2,HBA2237,0,0
60,alpha2,HBA2237,0,0
61,alpha2,HBA2237,0,0
62,alpha2,HBA2237,0,0
63,alpha2,HBA2237,0,0
66,alpha2,HBA2237,0,0
67,alpha2,HBA2237,0,0
68,alpha2,HBA2237,0,0
69,alpha2,HBA2237,0,0
7,alpha2,HBA2237,0,0
70,alpha2,HBA2237,0,0
71,alpha2,HBA2237,0,0
72,alpha2,HBA2237,0,0
73,alpha2,HBA2237,0,0
74,alpha2,HBA2237,0,0
75,alpha2,HBA2237,0,0
76,alpha2,HBA2237,0,0
77,alpha2,HBA2237,0,0
78,alpha2,HBA2237,0,0
79,alpha2,HBA2237,0,0
8,alpha2,HBA2237,0,0
80,alpha2,HBA2237,0,0
81,alpha2,HBA2237,0,0
82,alpha2,HBA2237,0,0
84,alpha2,HBA2237,0,0
85,alpha2,HBA2237,0,0
87,alpha2,HBA2237,0,0
90,alpha2,HBA2237,0,0
91,alpha2,HBA2237,0,0
92,alpha2,HBA2237,0,0
93,alpha2,HBA2237,0,0
95,alpha2,HBA2237,0,0
10,alpha2,HBA2238,0,0
12,alpha2,HBA2238,0,0
13,alpha2,HBA2238,0,0
15,alpha2,HBA2238,0,0
16,alpha2,HBA2238,0,0
17,alpha2,HBA2238,0,0
18,alpha2,HBA2238,0,0
19,alpha2,HBA2238,0,0
2,alpha2,HBA2238,0,0
20,alpha2,HBA2238,0,0
21,alpha2,HBA2238,0,0
23,alpha2,HBA2238,0,0
24,alpha2,HBA2238,0,0
25,alpha2,HBA2238,0,0
26,alpha2,HBA2238,0,0
27,alpha2,HBA2238,0,0
28,alpha2,HBA2238,0,0
29,alpha2,HBA2238,0,0
30,alpha2,HBA2238,0,0
31,alpha2,HBA2238,0,0
32,alpha2,HBA2238,0,0
34,alpha2,HBA2238,0,0
36,alpha2,HBA2238,0,0
37,alpha2,HBA2238,0,0
38,alpha2,HBA2238,0,0
39,alpha2,HBA2238,0,0
4,alpha2,HBA2238,0,0
40,alpha2,HBA2238,0,0
42,alpha2,HBA2238,0,0
44,alpha2,HBA2238,0,0
45,alpha2,HBA2238,0,0
46,alpha2,HBA2238,0,0
47,alpha2,HBA2238,0,0
48,alpha2,HBA2238,0,0
49,alpha2,HBA2238,0,0
5,alpha2,HBA2238,0,0
50,alpha2,HBA2238,0,0
51,alpha2,HBA2238,0,0
52,alpha2,HBA2238,0,0
53,alpha2,HBA2238,0,0
54,alpha2,HBA2238,0,0
55,alpha2,HBA2238,0,0
56,alpha2,HBA2238,0,0
57,alpha2,HBA2238,0,0
58,alpha2,HBA2238,0,0
59,alpha2,HBA2238,0,0
6,alpha2,HBA2238,0,0
60,alpha2,HBA2238,0,0
61,alpha2,HBA2238,0,0
62,alpha2,HBA2238,0,0
63,alpha2,HBA2238,0,0
66,alpha2,HBA2238,0,0
67,alpha2,HBA2238,0,0
68,alpha2,HBA2238,0,0
69,alpha2,HBA2238,0,0
7,alpha2,HBA2238,0,0
70,alpha2,HBA2238,0,0
71,alpha2,HBA2238,0,0
72,alpha2,HBA2238,0,0
73,alpha2,HBA2238,0,0
74,alpha2,HBA2238,0,0
75,alpha2,HBA2238,1,0.00877963125548727
76,alpha2,HBA2238,0,0
77,alpha2,HBA2238,0,0
78,alpha2,HBA2238,0,0
79,alpha2,HBA2238,0,0
8,alpha2,HBA2238,0,0
80,alpha2,HBA2238,0,0
81,alpha2,HBA2238,0,0
82,alpha2,HBA2238,0,0
84,alpha2,HBA2238,0,0
85,alpha2,HBA2238,0,0
87,alpha2,HBA2238,0,0
90,alpha2,HBA2238,0,0
91,alpha2,HBA2238,0,0
92,alpha2,HBA2238,0,0
93,alpha2,HBA2238,0,0
95,alpha2,HBA2238,0,0
